guest_name,wiki_link
George Clooney,https://en.wikipedia.org/wiki/George_Clooney
Jeb Bush,https://en.wikipedia.org/wiki/Jeb_Bush
Scarlett Johansson,https://en.wikipedia.org/wiki/Scarlett_Johansson
Elon Musk,https://en.wikipedia.org/wiki/Elon_Musk
Joe Biden,https://en.wikipedia.org/wiki/Joe_Biden
Travis Kalanick,https://en.wikipedia.org/wiki/Travis_Kalanick
Amy Schumer,https://en.wikipedia.org/wiki/Amy_Schumer
Stephen King,https://en.wikipedia.org/wiki/Stephen_King
Emily Blunt,https://en.wikipedia.org/wiki/Emily_Blunt
Justice Stephen Breyer,https://en.wikipedia.org/wiki/Stephen_Breyer
Jake Gyllenhaal,https://en.wikipedia.org/wiki/Jake_Gyllenhaal
Tim Cook,https://en.wikipedia.org/wiki/Tim_Cook
Kevin Spacey,https://en.wikipedia.org/wiki/Kevin_Spacey
Carol Burnett,https://en.wikipedia.org/wiki/Carol_Burnett
Trevor Noah,https://en.wikipedia.org/wiki/Trevor_Noah
Ban Ki-moon,https://en.wikipedia.org/wiki/Ban_Ki-moon
Lupita Nyong,https://en.wikipedia.org/wiki/Lupita_Nyong%27o
Bernie Sanders,https://en.wikipedia.org/wiki/Bernie_Sanders
Christopher Wheeldon,https://en.wikipedia.org/wiki/Christopher_Wheeldon
Stephen Curry,https://en.wikipedia.org/wiki/Stephen_Curry
Ted Cruz,https://en.wikipedia.org/wiki/Ted_Cruz
Donald Trump,https://en.wikipedia.org/wiki/Donald_Trump
Dr. Ernest Moniz,https://en.wikipedia.org/wiki/Ernest_Moniz
Hugh Jackman,https://en.wikipedia.org/wiki/Hugh_Jackman
Hugh Evans,https://en.wikipedia.org/wiki/Hugh_Evans_(humanitarian)
Elizabeth Warren,https://en.wikipedia.org/wiki/Elizabeth_Warren
Jim Gaffigan,https://en.wikipedia.org/wiki/Jim_Gaffigan
Maria Shriver,https://en.wikipedia.org/wiki/Maria_Shriver
Andrew Sullivan,https://en.wikipedia.org/wiki/Andrew_Sullivan
Thomas Wenski,https://en.wikipedia.org/wiki/Thomas_Wenski
Malala Yousafzai,https://en.wikipedia.org/wiki/Malala_Yousafzai
Kerry Washington,https://en.wikipedia.org/wiki/Kerry_Washington
Michelle Obama,https://en.wikipedia.org/wiki/Michelle_Obama
John Legend,https://en.wikipedia.org/wiki/John_Legend
Ellen Page,https://en.wikipedia.org/wiki/Ellen_Page
Jesse Eisenberg,https://en.wikipedia.org/wiki/Jesse_Eisenberg
John Oliver,https://en.wikipedia.org/wiki/John_Oliver_(comedian)
Evan Spiegel,https://en.wikipedia.org/wiki/Evan_Spiegel
Bill Withers,https://en.wikipedia.org/wiki/Bill_Withers
Ed Sheeran,https://en.wikipedia.org/wiki/Ed_Sheeran
John Kerry,https://en.wikipedia.org/wiki/John_Kerry
Claire Danes,https://en.wikipedia.org/wiki/Claire_Danes
PewDiePie,https://en.wikipedia.org/wiki/PewDiePie
Morgan Freeman,https://en.wikipedia.org/wiki/Morgan_Freeman
Ruth Wilson,https://en.wikipedia.org/wiki/Ruth_Wilson
John McCain,https://en.wikipedia.org/wiki/John_McCain
Misty Copeland,https://en.wikipedia.org/wiki/Misty_Copeland
Bill Clinton,https://en.wikipedia.org/wiki/Bill_Clinton
Billy Eichner,https://en.wikipedia.org/wiki/Billy_Eichner
Gina Rodriguez,https://en.wikipedia.org/wiki/Gina_Rodriguez_(actress)
Ben Bernanke,https://en.wikipedia.org/wiki/Ben_Bernanke
Cate Blanchett,https://en.wikipedia.org/wiki/Cate_Blanchett
Brian Chesky,https://en.wikipedia.org/wiki/Brian_Chesky
James Corden,https://en.wikipedia.org/wiki/James_Corden
Shane Smith,https://en.wikipedia.org/wiki/Shane_Smith_(journalist)
Carey Mulligan,https://en.wikipedia.org/wiki/Carey_Mulligan
Elvis Costello,https://en.wikipedia.org/wiki/Elvis_Costello
Sarah Silverman,https://en.wikipedia.org/wiki/Sarah_Silverman
Elijah Wood,https://en.wikipedia.org/wiki/Elijah_Wood
Jack Black,https://en.wikipedia.org/wiki/Jack_Black
Nick Woodman,https://en.wikipedia.org/wiki/Nick_Woodman
Oprah Winfrey,https://en.wikipedia.org/wiki/Oprah_Winfrey
Joseph Fink,None
Jeffrey Cranor,https://en.wikipedia.org/wiki/Bryan_Cranston
Jimmy Kimmel,https://en.wikipedia.org/wiki/Jimmy_Kimmel
Guillermo del Toro,https://en.wikipedia.org/wiki/Guillermo_del_Toro
Jessica Chastain,https://en.wikipedia.org/wiki/Jessica_Chastain
Tom Hiddleston,https://en.wikipedia.org/wiki/Tom_Hiddleston
Mia Wasikowska,https://en.wikipedia.org/wiki/Mia_Wasikowska
Sienna Miller,https://en.wikipedia.org/wiki/Sienna_Miller
Melissa Benoist,https://en.wikipedia.org/wiki/Melissa_Benoist
Hillary Clinton,https://en.wikipedia.org/wiki/Hillary_Clinton
Anthony Bourdain,https://en.wikipedia.org/wiki/Anthony_Bourdain
Carrie Brownstein,https://en.wikipedia.org/wiki/Carrie_Brownstein
Julianna Margulies,https://en.wikipedia.org/wiki/Julianna_Margulies
Jonathan Franzen,https://en.wikipedia.org/wiki/Jonathan_Franzen
Seth MacFarlane,https://en.wikipedia.org/wiki/Seth_MacFarlane
Neil deGrasse Tyson,https://en.wikipedia.org/wiki/Neil_deGrasse_Tyson
Charlie Rose,https://en.wikipedia.org/wiki/Charlie_Rose
Stacy Schiff,https://en.wikipedia.org/wiki/Stacy_Schiff
Allison Janney,https://en.wikipedia.org/wiki/Allison_Janney
Colin Quinn,https://en.wikipedia.org/wiki/Colin_Quinn
Antonio Banderas,https://en.wikipedia.org/wiki/Antonio_Banderas
Reed Hastings,https://en.wikipedia.org/wiki/Reed_Hastings
John Irving,https://en.wikipedia.org/wiki/John_Irving
Daniel Craig,https://en.wikipedia.org/wiki/Daniel_Craig
Elizabeth Gilbert,https://en.wikipedia.org/wiki/Elizabeth_Gilbert
Eugenia Cheng,https://en.wikipedia.org/wiki/Eugenia_Cheng
Bryan Cranston,https://en.wikipedia.org/wiki/Bryan_Cranston
Whoopi Goldberg,https://en.wikipedia.org/wiki/Whoopi_Goldberg
John Kasich,https://en.wikipedia.org/wiki/John_Kasich
Ethan Hawke,https://en.wikipedia.org/wiki/Ethan_Hawke
Claire McCaskill,https://en.wikipedia.org/wiki/Claire_McCaskill
Amy Klobuchar,https://en.wikipedia.org/wiki/Amy_Klobuchar
Aziz Ansari,https://en.wikipedia.org/wiki/Aziz_Ansari
Shonda Rhimes,https://en.wikipedia.org/wiki/Shonda_Rhimes
Bruce Campbell,https://en.wikipedia.org/wiki/Bruce_Campbell
Lucy Lawless,https://en.wikipedia.org/wiki/Lucy_Lawless
Viola Davis,https://en.wikipedia.org/wiki/Viola_Davis
Brian Greene,https://en.wikipedia.org/wiki/Brian_Greene
Jennifer Connelly,https://en.wikipedia.org/wiki/Jennifer_Connelly
Judd Apatow,https://en.wikipedia.org/wiki/Judd_Apatow
Mark Ruffalo,https://en.wikipedia.org/wiki/Mark_Ruffalo
John Cleese,https://en.wikipedia.org/wiki/John_Cleese
Jack H. Jacobs,https://en.wikipedia.org/wiki/Jack_H._Jacobs
Bill Maher,https://en.wikipedia.org/wiki/Bill_Maher
Florent Groberg,https://en.wikipedia.org/wiki/Florent_Groberg
Shepard Fairey,https://en.wikipedia.org/wiki/Shepard_Fairey
Julianne Moore,https://en.wikipedia.org/wiki/Julianne_Moore
Burt Reynolds,https://en.wikipedia.org/wiki/Burt_Reynolds
Sharon Stone,https://en.wikipedia.org/wiki/Sharon_Stone
Justin Theroux,https://en.wikipedia.org/wiki/Justin_Theroux
Jane Fonda,https://en.wikipedia.org/wiki/Jane_Fonda
Andrew Lloyd Webber,https://en.wikipedia.org/wiki/Andrew_Lloyd_Webber
Michael Caine,https://en.wikipedia.org/wiki/Michael_Caine
Larry Wilmore,https://en.wikipedia.org/wiki/Larry_Wilmore
Sylvester Stallone,https://en.wikipedia.org/wiki/Sylvester_Stallone
Ted Koppel,https://en.wikipedia.org/wiki/Ted_Koppel
Spike Lee,https://en.wikipedia.org/wiki/Spike_Lee
Andy Cohen,https://en.wikipedia.org/wiki/Andy_Cohen_(TV_personality)
Carly Simon,https://en.wikipedia.org/wiki/Carly_Simon
Gloria Estefan,https://en.wikipedia.org/wiki/Gloria_Estefan
Eric Greitens,https://en.wikipedia.org/wiki/Eric_Greitens
Jake Wood,None
Daniel Boulud,https://en.wikipedia.org/wiki/Daniel_Boulud
Steve Carell,https://en.wikipedia.org/wiki/Steve_Carell
Jennifer Hudson,https://en.wikipedia.org/wiki/Jennifer_Hudson
Marion Cotillard,https://en.wikipedia.org/wiki/Marion_Cotillard
George Saunders,https://en.wikipedia.org/wiki/George_Saunders
Michelle Dockery,https://en.wikipedia.org/wiki/Michelle_Dockery
Hugh Bonneville,https://en.wikipedia.org/wiki/Hugh_Bonneville
Allen Leech,https://en.wikipedia.org/wiki/Allen_Leech
Adam McKay,https://en.wikipedia.org/wiki/Adam_McKay
Bruce Willis,https://en.wikipedia.org/wiki/Bruce_Willis
Michael Lewis,https://en.wikipedia.org/wiki/Michael_Lewis
Andrew Delbanco,https://en.wikipedia.org/wiki/Andrew_Delbanco
Lin-Manuel Miranda,https://en.wikipedia.org/wiki/Lin-Manuel_Miranda
Ike Barinholtz,https://en.wikipedia.org/wiki/Ike_Barinholtz
Jennifer Lawrence,https://en.wikipedia.org/wiki/Jennifer_Lawrence
Doris Kearns Goodwin,https://en.wikipedia.org/wiki/Doris_Kearns_Goodwin
Quentin Tarantino,https://en.wikipedia.org/wiki/Quentin_Tarantino
Jonathan Groff,https://en.wikipedia.org/wiki/Jonathan_Groff
Robert De Niro,https://en.wikipedia.org/wiki/Robert_De_Niro
Daniel Gilbert,https://en.wikipedia.org/wiki/Daniel_Gilbert_(psychologist)
Henry Rollins,https://en.wikipedia.org/wiki/Henry_Rollins
Michael Moore,https://en.wikipedia.org/wiki/Michael_Moore
Samantha Power,https://en.wikipedia.org/wiki/Samantha_Power
Mandy Patinkin,https://en.wikipedia.org/wiki/Mandy_Patinkin
Kayvon Beykpour,None
Samuel L. Jackson,https://en.wikipedia.org/wiki/Samuel_L._Jackson
Lisa Gross,None
Olivia Hallisey,https://en.wikipedia.org/wiki/Olivia_Hallisey
John Krasinski,https://en.wikipedia.org/wiki/John_Krasinski
Killer Mike,https://en.wikipedia.org/wiki/Killer_Mike
George Church,https://en.wikipedia.org/wiki/George_M._Church
Jerry Seinfeld,https://en.wikipedia.org/wiki/Jerry_Seinfeld
Rand Paul,https://en.wikipedia.org/wiki/Rand_Paul
Damian Lewis,https://en.wikipedia.org/wiki/Damian_Lewis
America Ferrera,https://en.wikipedia.org/wiki/America_Ferrera
Matthew Broderick,https://en.wikipedia.org/wiki/Matthew_Broderick
Sarah Parcak,https://en.wikipedia.org/wiki/Sarah_Parcak
Jane Lynch,https://en.wikipedia.org/wiki/Jane_Lynch
Julian Castro,https://en.wikipedia.org/wiki/Julian_Castro
Saoirse Ronan,https://en.wikipedia.org/wiki/Saoirse_Ronan
Jeremy Stoppelman,https://en.wikipedia.org/wiki/Jeremy_Stoppelman
Laura Ricciardi,https://en.wikipedia.org/wiki/Laura_Ricciardi
Moira Demos,https://en.wikipedia.org/wiki/Moira_Demos
Paul Giamatti,https://en.wikipedia.org/wiki/Paul_Giamatti
Guerrilla Girls,https://en.wikipedia.org/wiki/Guerrilla_Girls
Olivia Munn,https://en.wikipedia.org/wiki/Olivia_Munn
T. J. Miller,https://en.wikipedia.org/wiki/T._J._Miller
Scott Kelly,https://en.wikipedia.org/wiki/Scott_Kelly_(astronaut)
Abby Wambach,https://en.wikipedia.org/wiki/Abby_Wambach
Patricia Heaton,https://en.wikipedia.org/wiki/Patricia_Heaton
Quincy Jones,https://en.wikipedia.org/wiki/Quincy_Jones
DeRay Mckesson,https://en.wikipedia.org/wiki/DeRay_Mckesson
Charlie Day,https://en.wikipedia.org/wiki/Charlie_Day
Colin Hanks,https://en.wikipedia.org/wiki/Colin_Hanks
James Spader,https://en.wikipedia.org/wiki/James_Spader
Brandon Marshall,https://en.wikipedia.org/wiki/Brandon_Marshall
Sarah Koenig,https://en.wikipedia.org/wiki/Sarah_Koenig
Christian Slater,https://en.wikipedia.org/wiki/Christian_Slater
Josh Radnor,https://en.wikipedia.org/wiki/Josh_Radnor
Steven Tyler,https://en.wikipedia.org/wiki/Steven_Tyler
Gaby Hoffmann,https://en.wikipedia.org/wiki/Gaby_Hoffmann
Donald Rumsfeld,https://en.wikipedia.org/wiki/Donald_Rumsfeld
Russell Westbrook,https://en.wikipedia.org/wiki/Russell_Westbrook
Laurence Fishburne,https://en.wikipedia.org/wiki/Laurence_Fishburne
Michael Novacek,None
Chris Pine,https://en.wikipedia.org/wiki/Chris_Pine
Danielle Brooks,https://en.wikipedia.org/wiki/Danielle_Brooks
Jonah Reider,None
Josh Brolin,https://en.wikipedia.org/wiki/Josh_Brolin
John Dickerson,https://en.wikipedia.org/wiki/John_Dickerson_(journalist)
Erin Brockovich,https://en.wikipedia.org/wiki/Erin_Brockovich
John Travolta,https://en.wikipedia.org/wiki/John_Travolta
Courtney B. Vance,https://en.wikipedia.org/wiki/Courtney_B._Vance
Amy Cuddy,https://en.wikipedia.org/wiki/Amy_Cuddy
David Schwimmer,https://en.wikipedia.org/wiki/David_Schwimmer
Joel Osteen,https://en.wikipedia.org/wiki/Joel_Osteen
Dr. Phil,https://en.wikipedia.org/wiki/Phil_McGraw
Mark,https://en.wikipedia.org/wiki/Mark_Duplass
Jay Duplass,https://en.wikipedia.org/wiki/Jay_Duplass
Michael Eric Dyson,https://en.wikipedia.org/wiki/Michael_Eric_Dyson
Michael Strahan,https://en.wikipedia.org/wiki/Michael_Strahan
Samantha Bee,https://en.wikipedia.org/wiki/Samantha_Bee
Bobby Cannavale,https://en.wikipedia.org/wiki/Bobby_Cannavale
Donny Deutsch,https://en.wikipedia.org/wiki/Donny_Deutsch
Tina Fey,https://en.wikipedia.org/wiki/Tina_Fey
Margot Robbie,https://en.wikipedia.org/wiki/Margot_Robbie
Will Ferrell,https://en.wikipedia.org/wiki/Will_Ferrell
Megyn Kelly,https://en.wikipedia.org/wiki/Megyn_Kelly
Bill O'Reilly,https://en.wikipedia.org/wiki/Bill_O%27Reilly_(political_commentator)
Eddie George,https://en.wikipedia.org/wiki/Eddie_George
Olivia Wilde,https://en.wikipedia.org/wiki/Olivia_Wilde
Christiane Amanpour,https://en.wikipedia.org/wiki/Christiane_Amanpour
Ben Stiller,https://en.wikipedia.org/wiki/Ben_Stiller
Senator Bernie Sanders,https://en.wikipedia.org/wiki/Bernie_Sanders
Kelsey Grammer,https://en.wikipedia.org/wiki/Kelsey_Grammer
Fred Armisen,https://en.wikipedia.org/wiki/Fred_Armisen
Sarah McDaniel,https://en.wikipedia.org/wiki/Sarah_Koenig
Craig Ferguson,https://en.wikipedia.org/wiki/Craig_Ferguson
Hailey Clauson,https://en.wikipedia.org/wiki/Hailey_Clauson
Ashley Graham,https://en.wikipedia.org/wiki/Ashley_Graham_(model)
Cory Booker,https://en.wikipedia.org/wiki/Cory_Booker
Eva Longoria,https://en.wikipedia.org/wiki/Eva_Longoria
Abbi Jacobson,https://en.wikipedia.org/wiki/Abbi_Jacobson
Ilana Glazer,https://en.wikipedia.org/wiki/Ilana_Glazer
Kate Hudson,https://en.wikipedia.org/wiki/Kate_Hudson
John Kasich,https://en.wikipedia.org/wiki/John_Kasich
Téa Leoni,https://en.wikipedia.org/wiki/T%C3%A9a_Leoni
Amanda Peet,https://en.wikipedia.org/wiki/Amanda_Peet
Chelsea Handler,https://en.wikipedia.org/wiki/Chelsea_Handler
Zosia Mamet,https://en.wikipedia.org/wiki/Zosia_Mamet
Casey Affleck,https://en.wikipedia.org/wiki/Casey_Affleck
Richard Dreyfuss,https://en.wikipedia.org/wiki/Richard_Dreyfuss
Debra Messing,https://en.wikipedia.org/wiki/Debra_Messing
Zachary Quinto,https://en.wikipedia.org/wiki/Zachary_Quinto
Adrien Brody,https://en.wikipedia.org/wiki/Adrien_Brody
Danai Gurira,https://en.wikipedia.org/wiki/Danai_Gurira
Brian Greene,https://en.wikipedia.org/wiki/Brian_Greene
Tim Daly,https://en.wikipedia.org/wiki/Tim_Daly
Graham Nash,https://en.wikipedia.org/wiki/Graham_Nash
Spike Jonze,https://en.wikipedia.org/wiki/Spike_Jonze
Jeffrey Dean Morgan,https://en.wikipedia.org/wiki/Jeffrey_Dean_Morgan
Chrissy Teigen,https://en.wikipedia.org/wiki/Chrissy_Teigen
Mike Birbiglia,https://en.wikipedia.org/wiki/Mike_Birbiglia
Adam Savage,https://en.wikipedia.org/wiki/Adam_Savage
Octavia Spencer,https://en.wikipedia.org/wiki/Octavia_Spencer
John Stamos,https://en.wikipedia.org/wiki/John_Stamos
Bob Saget,https://en.wikipedia.org/wiki/Bob_Saget
Dave Coulier,https://en.wikipedia.org/wiki/Dave_Coulier
Christopher Meloni,https://en.wikipedia.org/wiki/Christopher_Meloni
Edward Byers,https://en.wikipedia.org/wiki/Edward_Byers
Will Arnett,https://en.wikipedia.org/wiki/Will_Arnett
Charles Barkley,https://en.wikipedia.org/wiki/Charles_Barkley
Max Greenfield,https://en.wikipedia.org/wiki/Max_Greenfield
Helen Mirren,https://en.wikipedia.org/wiki/Helen_Mirren
J. J. Abrams,https://en.wikipedia.org/wiki/J._J._Abrams
Sally Field,https://en.wikipedia.org/wiki/Sally_Field
Jerrod Carmichael,https://en.wikipedia.org/wiki/Jerrod_Carmichael
Anna Kendrick,https://en.wikipedia.org/wiki/Anna_Kendrick
Loretta Lynch,https://en.wikipedia.org/wiki/Loretta_Lynch
Jeff Daniels,https://en.wikipedia.org/wiki/Jeff_Daniels
Audra McDonald,https://en.wikipedia.org/wiki/Audra_McDonald
Mary Elizabeth Winstead,https://en.wikipedia.org/wiki/Mary_Elizabeth_Winstead
John Oliver,https://en.wikipedia.org/wiki/John_Oliver
Jordan Spieth,https://en.wikipedia.org/wiki/Jordan_Spieth
Steve Martin,https://en.wikipedia.org/wiki/Steve_Martin
Edie Brickell,https://en.wikipedia.org/wiki/Edie_Brickell
Shirley MacLaine,https://en.wikipedia.org/wiki/Shirley_MacLaine
Theo James,https://en.wikipedia.org/wiki/Theo_James
Jussie Smollett,https://en.wikipedia.org/wiki/Jussie_Smollett
William H. Macy,https://en.wikipedia.org/wiki/William_H._Macy
Melissa Rauch,https://en.wikipedia.org/wiki/Melissa_Rauch
Isaac Mizrahi,https://en.wikipedia.org/wiki/Isaac_Mizrahi
Tom Hiddleston,https://en.wikipedia.org/wiki/Tom_Hiddleston
Laura Benanti,https://en.wikipedia.org/wiki/Laura_Benanti
Adam Driver,https://en.wikipedia.org/wiki/Adam_Driver
Rachel Bloom,https://en.wikipedia.org/wiki/Rachel_Bloom
Eric Stonestreet,https://en.wikipedia.org/wiki/Eric_Stonestreet
Jason Jones,https://en.wikipedia.org/wiki/Jason_Jones_(actor)
Elizabeth Warren,https://en.wikipedia.org/wiki/Elizabeth_Warren
Sarah Paulson,https://en.wikipedia.org/wiki/Sarah_Paulson
Tatiana Maslany,https://en.wikipedia.org/wiki/Tatiana_Maslany
Steve Buscemi,https://en.wikipedia.org/wiki/Steve_Buscemi
Benjamin Walker,https://en.wikipedia.org/wiki/Benjamin_Walker_(actor)
Matthew Perry,https://en.wikipedia.org/wiki/Matthew_Perry
Nick Offerman,https://en.wikipedia.org/wiki/Nick_Offerman
Melissa McCarthy,https://en.wikipedia.org/wiki/Melissa_McCarthy
Ben Falcone,https://en.wikipedia.org/wiki/Ben_Falcone
Arianna Huffington,https://en.wikipedia.org/wiki/Arianna_Huffington
Anna Kendrick,https://en.wikipedia.org/wiki/Anna_Kendrick
Sam Rockwell,https://en.wikipedia.org/wiki/Sam_Rockwell
David Duchovny,https://en.wikipedia.org/wiki/David_Duchovny
Mindy Kaling,https://en.wikipedia.org/wiki/Mindy_Kaling
Tituss Burgess,https://en.wikipedia.org/wiki/Tituss_Burgess
Ken Burns,https://en.wikipedia.org/wiki/Ken_Burns
Jesse Tyler Ferguson,https://en.wikipedia.org/wiki/Jesse_Tyler_Ferguson
Katharine McPhee,https://en.wikipedia.org/wiki/Katharine_McPhee
Kevin Spacey,https://en.wikipedia.org/wiki/Kevin_Spacey
Thomas Middleditch,https://en.wikipedia.org/wiki/Thomas_Middleditch
Dennis Quaid,https://en.wikipedia.org/wiki/Dennis_Quaid
Matt Walsh,https://en.wikipedia.org/wiki/Matt_Walsh_(comedian)
Tom Hanks,https://en.wikipedia.org/wiki/Tom_Hanks
Leslie Odom,"https://en.wikipedia.org/wiki/Leslie_Odom,_Jr."
Julia Louis-Dreyfus,https://en.wikipedia.org/wiki/Julia_Louis-Dreyfus
Nikolaj Coster-Waldau,https://en.wikipedia.org/wiki/Nikolaj_Coster-Waldau
Michelle Williams,https://en.wikipedia.org/wiki/Michael_K._Williams
Eddie Huang,https://en.wikipedia.org/wiki/Eddie_Huang
J. K. Simmons,https://en.wikipedia.org/wiki/J._K._Simmons
Jane Krakowski,https://en.wikipedia.org/wiki/Jane_Krakowski
Chris Wallace,https://en.wikipedia.org/wiki/Chris_Wallace_(journalist)
Susan Sarandon,https://en.wikipedia.org/wiki/Susan_Sarandon
David Tennant,https://en.wikipedia.org/wiki/David_Tennant
Julianna Margulies,https://en.wikipedia.org/wiki/Julianna_Margulies
Christine Baranski,https://en.wikipedia.org/wiki/Christine_Baranski
Matt Czuchry,https://en.wikipedia.org/wiki/Matt_Czuchry
 Hank Azaria,https://en.wikipedia.org/wiki/Hank_Azaria
Isaac Mizrahi,https://en.wikipedia.org/wiki/Isaac_Mizrahi
Phil Knight,https://en.wikipedia.org/wiki/Phil_Knight
Anderson Cooper,https://en.wikipedia.org/wiki/Anderson_Cooper
Mark Feuerstein,https://en.wikipedia.org/wiki/Mark_Feuerstein
Bill O'Reilly,https://en.wikipedia.org/wiki/Bill_O%27Reilly_(political_commentator)
Morris Chestnut,https://en.wikipedia.org/wiki/Morris_Chestnut
Dakota Johnson,https://en.wikipedia.org/wiki/Dakota_Johnson
Sebastian Stan,https://en.wikipedia.org/wiki/Sebastian_Stan
Anthony Mackie,https://en.wikipedia.org/wiki/Anthony_Mackie
Rob Reiner,https://en.wikipedia.org/wiki/Rob_Reiner
Buzz Aldrin,https://en.wikipedia.org/wiki/Buzz_Aldrin
Judith Sheindlin,https://en.wikipedia.org/wiki/Judith_Sheindlin
Zac Posen,https://en.wikipedia.org/wiki/Zac_Posen
W. Kamau Bell,https://en.wikipedia.org/wiki/W._Kamau_Bell
Lily Tomlin,https://en.wikipedia.org/wiki/Lily_Tomlin
Kumail Nanjiani,https://en.wikipedia.org/wiki/Kumail_Nanjiani
Kaley Cuoco,https://en.wikipedia.org/wiki/Kaley_Cuoco
Dan Savage,https://en.wikipedia.org/wiki/Dan_Savage
Chloë Grace Moretz,https://en.wikipedia.org/wiki/Chlo%C3%AB_Grace_Moretz
Katie Couric,https://en.wikipedia.org/wiki/Katie_Couric
Charlamagne Tha God,https://en.wikipedia.org/wiki/Charlamagne_Tha_God
Kate Beckinsale,https://en.wikipedia.org/wiki/Kate_Beckinsale
B. J. Novak,https://en.wikipedia.org/wiki/B._J._Novak
Ryan Gosling,https://en.wikipedia.org/wiki/Ryan_Gosling
Russell Crowe,https://en.wikipedia.org/wiki/Russell_Crowe
Jessie Mueller,https://en.wikipedia.org/wiki/Jessie_Mueller
Matt Bomer,https://en.wikipedia.org/wiki/Matt_Bomer
Zach Woods,https://en.wikipedia.org/wiki/Zach_Woods
Jason Sudeikis,https://en.wikipedia.org/wiki/Jason_Sudeikis
Michael Weatherly,https://en.wikipedia.org/wiki/Michael_Weatherly
Megyn Kelly,https://en.wikipedia.org/wiki/Megyn_Kelly
Anthony Anderson,https://en.wikipedia.org/wiki/Anthony_Anderson
Eugene Levy,https://en.wikipedia.org/wiki/Eugene_Levy
Catherine O'Hara,https://en.wikipedia.org/wiki/Catherine_O%27Hara
Josh Gad,https://en.wikipedia.org/wiki/Josh_Gad
Gillian Jacobs,https://en.wikipedia.org/wiki/Gillian_Jacobs
Rose Byrne,https://en.wikipedia.org/wiki/Rose_Byrne
Bobby Flay,https://en.wikipedia.org/wiki/Bobby_Flay
Seth Rogen,https://en.wikipedia.org/wiki/Seth_Rogen
Krysten Ritter,https://en.wikipedia.org/wiki/Krysten_Ritter
Emilia Clarke,https://en.wikipedia.org/wiki/Emilia_Clarke
Shiri Appleby,https://en.wikipedia.org/wiki/Shiri_Appleby
Sean Hayes,https://en.wikipedia.org/wiki/Sean_Hayes_(actor)
Brooklyn Decker,https://en.wikipedia.org/wiki/Brooklyn_Decker
Lewis Black,https://en.wikipedia.org/wiki/Lewis_Black
James McAvoy,https://en.wikipedia.org/wiki/James_McAvoy
Nick Swardson,https://en.wikipedia.org/wiki/Nick_Swardson
Brian Greene,https://en.wikipedia.org/wiki/Brian_Greene
Lizzy Caplan,https://en.wikipedia.org/wiki/Lizzy_Caplan
Neil Young,https://en.wikipedia.org/wiki/Neil_Young
Mike Epps,https://en.wikipedia.org/wiki/Mike_Epps
Rashida Jones,https://en.wikipedia.org/wiki/Rashida_Jones
Daveed Diggs,https://en.wikipedia.org/wiki/Daveed_Diggs
Marina Franklin,None
James Corden,https://en.wikipedia.org/wiki/James_Corden
Scott Speedman,https://en.wikipedia.org/wiki/Scott_Speedman
Jude Law,https://en.wikipedia.org/wiki/Jude_Law
Norman Reedus,https://en.wikipedia.org/wiki/Norman_Reedus
Laura Linney,https://en.wikipedia.org/wiki/Laura_Linney
John Leguizamo,https://en.wikipedia.org/wiki/John_Leguizamo
Patrick Wilson,https://en.wikipedia.org/wiki/Patrick_Wilson_(American_actor)
Gayle King,https://en.wikipedia.org/wiki/Gayle_King
Gary Johnson,https://en.wikipedia.org/wiki/Gary_Johnson
William Weld,https://en.wikipedia.org/wiki/William_Weld
David Duchovny,https://en.wikipedia.org/wiki/David_Duchovny
Aaron Tveit,https://en.wikipedia.org/wiki/Aaron_Tveit
Bill O'Reilly,https://en.wikipedia.org/wiki/Bill_O%27Reilly_(political_commentator)
Anna Chlumsky,https://en.wikipedia.org/wiki/Anna_Chlumsky
Daniel Radcliffe,https://en.wikipedia.org/wiki/Daniel_Radcliffe
George Lopez,https://en.wikipedia.org/wiki/George_Lopez
Liam Hemsworth,https://en.wikipedia.org/wiki/Liam_Hemsworth
Ana Gasteyer,https://en.wikipedia.org/wiki/Ana_Gasteyer
Demi Lovato,https://en.wikipedia.org/wiki/Demi_Lovato
Nick Jonas,https://en.wikipedia.org/wiki/Nick_Jonas
Amy Ryan,https://en.wikipedia.org/wiki/Amy_Ryan
Aaron Paul,https://en.wikipedia.org/wiki/Aaron_Paul
Michael Ian Black,https://en.wikipedia.org/wiki/Michael_Ian_Black
Alexander Skarsgård,https://en.wikipedia.org/wiki/Alexander_Skarsg%C3%A5rd
Natasha Leggero,https://en.wikipedia.org/wiki/Natasha_Leggero
Aubrey Plaza,https://en.wikipedia.org/wiki/Aubrey_Plaza
Hugh Dancy,https://en.wikipedia.org/wiki/Hugh_Dancy
Uzo Aduba,https://en.wikipedia.org/wiki/Uzo_Aduba
Neil deGrasse Tyson,https://en.wikipedia.org/wiki/Neil_deGrasse_Tyson
Bernie Sanders,https://en.wikipedia.org/wiki/Bernie_Sanders
Paul Dano,https://en.wikipedia.org/wiki/Paul_Dano
Kevin Hart,https://en.wikipedia.org/wiki/Kevin_Hart
Taylor Schilling,https://en.wikipedia.org/wiki/Taylor_Schilling
RuPaul Charles,https://en.wikipedia.org/wiki/RuPaul
Kevin Love,https://en.wikipedia.org/wiki/Kevin_Love
Jenny Slate,https://en.wikipedia.org/wiki/Jenny_Slate
Tom Brokaw,https://en.wikipedia.org/wiki/Tom_Brokaw
Sara,https://en.wikipedia.org/wiki/Sara_Foster
Erin Foster,https://en.wikipedia.org/wiki/Erin_Foster
Samuel L. Jackson,https://en.wikipedia.org/wiki/Samuel_L._Jackson
Julie Klausner,https://en.wikipedia.org/wiki/Julie_Klausner
Ellie Kemper,https://en.wikipedia.org/wiki/Ellie_Kemper
Patrick Fugit,https://en.wikipedia.org/wiki/Patrick_Fugit
Zachary Quinto,https://en.wikipedia.org/wiki/Zachary_Quinto
Natasha Lyonne,https://en.wikipedia.org/wiki/Natasha_Lyonne
2 Chainz,https://en.wikipedia.org/wiki/2_Chainz
Bryan Cranston,https://en.wikipedia.org/wiki/Bryan_Cranston
Busy Philipps,https://en.wikipedia.org/wiki/Busy_Philipps
Nicholas Hoult,https://en.wikipedia.org/wiki/Nicholas_Hoult
John Turturro,https://en.wikipedia.org/wiki/John_Turturro
Bret Baier,https://en.wikipedia.org/wiki/Bret_Baier
Benjamin Bratt,https://en.wikipedia.org/wiki/Benjamin_Bratt
Rob Corddry,https://en.wikipedia.org/wiki/Rob_Corddry
Bill Maher,https://en.wikipedia.org/wiki/Bill_Maher
Michael K. Williams,https://en.wikipedia.org/wiki/Michael_K._Williams
Charlie Rose,https://en.wikipedia.org/wiki/Charlie_Rose
Gayle King,https://en.wikipedia.org/wiki/Gayle_King
Norah O'Donnell,https://en.wikipedia.org/wiki/Norah_O%27Donnell
DeRay McKesson,https://en.wikipedia.org/wiki/DeRay_McKesson
Zoe Saldana,https://en.wikipedia.org/wiki/Zoe_Saldana
Keegan-Michael Key,https://en.wikipedia.org/wiki/Keegan-Michael_Key
Kathryn Hahn,https://en.wikipedia.org/wiki/Kathryn_Hahn
Tony Goldwyn,https://en.wikipedia.org/wiki/Tony_Goldwyn
Mark Cuban,https://en.wikipedia.org/wiki/Mark_Cuban
Lewis Black,https://en.wikipedia.org/wiki/Lewis_Black
Elizabeth Warren,https://en.wikipedia.org/wiki/Elizabeth_Warren
Billy Eichner,https://en.wikipedia.org/wiki/Billy_Eichner
Jennifer Saunders,https://en.wikipedia.org/wiki/Jennifer_Saunders
Allison Janney,https://en.wikipedia.org/wiki/Allison_Janney
Anthony Weiner,https://en.wikipedia.org/wiki/Anthony_Weiner
Jeff Daniels,https://en.wikipedia.org/wiki/Jeff_Daniels
Bassem Youssef,https://en.wikipedia.org/wiki/Bassem_Youssef
John Oliver,https://en.wikipedia.org/wiki/John_Oliver
Jai Courtney,https://en.wikipedia.org/wiki/Jai_Courtney
Charlamagne Tha God,https://en.wikipedia.org/wiki/Charlamagne_Tha_God
Abbi Jacobson,https://en.wikipedia.org/wiki/Abbi_Jacobson
Ilana Glazer,https://en.wikipedia.org/wiki/Ilana_Glazer
Doris Kearns Goodwin,https://en.wikipedia.org/wiki/Doris_Kearns_Goodwin
Eric André,https://en.wikipedia.org/wiki/Eric_Andr%C3%A9
Viola Davis,https://en.wikipedia.org/wiki/Viola_Davis
Simon Helberg,https://en.wikipedia.org/wiki/Simon_Helberg
Will Smith,https://en.wikipedia.org/wiki/Will_Smith
Logan Lerman,https://en.wikipedia.org/wiki/Logan_Lerman
John Cena,https://en.wikipedia.org/wiki/John_Cena
Scott Eastwood,https://en.wikipedia.org/wiki/Scott_Eastwood
Jamie Dornan,https://en.wikipedia.org/wiki/Jamie_Dornan
Javier Muñoz,https://en.wikipedia.org/wiki/Javier_Mu%C3%B1oz_(actor)
Malcolm Gladwell,https://en.wikipedia.org/wiki/Malcolm_Gladwell
Diane Kruger,https://en.wikipedia.org/wiki/Diane_Kruger
Ibtihaj Muhammad,https://en.wikipedia.org/wiki/Ibtihaj_Muhammad
Amy Schumer,https://en.wikipedia.org/wiki/Amy_Schumer
Omari Hardwick,https://en.wikipedia.org/wiki/Omari_Hardwick
Michaela Watkins,https://en.wikipedia.org/wiki/Michaela_Watkins
Rami Malek,https://en.wikipedia.org/wiki/Rami_Malek
Tika Sumpter,https://en.wikipedia.org/wiki/Tika_Sumpter
Parker Sawyers,https://en.wikipedia.org/wiki/Parker_Sawyers
Anderson Cooper,https://en.wikipedia.org/wiki/Anderson_Cooper
Édgar Ramírez,https://en.wikipedia.org/wiki/%C3%89dgar_Ram%C3%ADrez
Senator Tim Kaine,https://en.wikipedia.org/wiki/Tim_Kaine
Tony Hale,https://en.wikipedia.org/wiki/Tony_Hale
Rachel Weisz,https://en.wikipedia.org/wiki/Rachel_Weisz
Kevin Smith,https://en.wikipedia.org/wiki/Kevin_Smith
Spike Feresten,https://en.wikipedia.org/wiki/Spike_Feresten
Riz Ahmed,https://en.wikipedia.org/wiki/Riz_Ahmed
Pedro Pascal,https://en.wikipedia.org/wiki/Pedro_Pascal
John Krasinski,https://en.wikipedia.org/wiki/John_Krasinski
Adam Brody,https://en.wikipedia.org/wiki/Adam_Brody
Christian Slater,https://en.wikipedia.org/wiki/Christian_Slater
Chris Geere,https://en.wikipedia.org/wiki/Chris_Geere
John Lewis,https://en.wikipedia.org/wiki/Damian_Lewis
Larry Wilmore,https://en.wikipedia.org/wiki/Larry_Wilmore
Chris Noth,https://en.wikipedia.org/wiki/Chris_Noth
Anna Gunn,https://en.wikipedia.org/wiki/Anna_Gunn
John Dickerson,https://en.wikipedia.org/wiki/John_Dickerson_(journalist)
Harry Connick Jr.,https://en.wikipedia.org/wiki/Harry_Connick_Jr.
Ava DuVernay,https://en.wikipedia.org/wiki/Ava_DuVernay
Whoopi Goldberg,https://en.wikipedia.org/wiki/Whoopi_Goldberg
Regina Hall,https://en.wikipedia.org/wiki/Regina_Hall
Chesley Sullenberger,https://en.wikipedia.org/wiki/Chesley_Sullenberger
Jessica Alba,https://en.wikipedia.org/wiki/Jessica_Alba
Bradley Whitford,https://en.wikipedia.org/wiki/Bradley_Whitford
George Takei,https://en.wikipedia.org/wiki/George_Takei
Tituss Burgess,https://en.wikipedia.org/wiki/Tituss_Burgess
Jeff Ross,https://en.wikipedia.org/wiki/Jeff_Ross
Adam Richman,https://en.wikipedia.org/wiki/Adam_Richman
Dr. Phil,https://en.wikipedia.org/wiki/Phil_McGraw
Alan Cumming,https://en.wikipedia.org/wiki/Alan_Cumming
Joseph Gordon-Levitt,https://en.wikipedia.org/wiki/Joseph_Gordon-Levitt
Millie Bobby Brown,https://en.wikipedia.org/wiki/Millie_Bobby_Brown
Trevor Noah,https://en.wikipedia.org/wiki/Trevor_Noah
Allen Iverson,https://en.wikipedia.org/wiki/Allen_Iverson
Chris Gethard,https://en.wikipedia.org/wiki/Chris_Gethard
Tracee Ellis Ross,https://en.wikipedia.org/wiki/Tracee_Ellis_Ross
Andrew Rannells,https://en.wikipedia.org/wiki/Andrew_Rannells
John Slattery,https://en.wikipedia.org/wiki/John_Slattery
Oliver Stone,https://en.wikipedia.org/wiki/Oliver_Stone
Chris Pratt,https://en.wikipedia.org/wiki/Chris_Pratt
Scott Bakula,https://en.wikipedia.org/wiki/Scott_Bakula
Michelle Obama,https://en.wikipedia.org/wiki/Michelle_Obama
America Ferrera,https://en.wikipedia.org/wiki/America_Ferrera
Ethan Hawke,https://en.wikipedia.org/wiki/Ethan_Hawke
Tim Meadows,https://en.wikipedia.org/wiki/Tim_Meadows
Anthony Anderson,https://en.wikipedia.org/wiki/Anthony_Anderson
Mark Consuelos,https://en.wikipedia.org/wiki/Mark_Consuelos
Bruce Springsteen,https://en.wikipedia.org/wiki/Bruce_Springsteen
Rob Lowe,https://en.wikipedia.org/wiki/Rob_Lowe
Kal Penn,https://en.wikipedia.org/wiki/Kal_Penn
Sean Penn,https://en.wikipedia.org/wiki/Sean_Penn
Sutton Foster,https://en.wikipedia.org/wiki/Sutton_Foster
Lupita Nyong'o,https://en.wikipedia.org/wiki/Lupita_Nyong%27o
Donnie Wahlberg,https://en.wikipedia.org/wiki/Donnie_Wahlberg
Morgan Freeman,https://en.wikipedia.org/wiki/Morgan_Freeman
Judith Light,https://en.wikipedia.org/wiki/Judith_Light
Samantha Bee,https://en.wikipedia.org/wiki/Samantha_Bee
Abby Elliott,https://en.wikipedia.org/wiki/Abby_Elliott
Asa Butterfield,https://en.wikipedia.org/wiki/Asa_Butterfield
Mindy Kaling,https://en.wikipedia.org/wiki/Mindy_Kaling
Gary Owen,https://en.wikipedia.org/wiki/Gary_Owen_(comedian)
John Leguizamo,https://en.wikipedia.org/wiki/John_Leguizamo
Cheri Oteri,https://en.wikipedia.org/wiki/Cheri_Oteri
Paul F. Tompkins,https://en.wikipedia.org/wiki/Paul_F._Tompkins
Armie Hammer,https://en.wikipedia.org/wiki/Armie_Hammer
Lindsey Vonn,https://en.wikipedia.org/wiki/Lindsey_Vonn
Emily Blunt,https://en.wikipedia.org/wiki/Emily_Blunt
Gael García Bernal,https://en.wikipedia.org/wiki/Gael_Garc%C3%ADa_Bernal
Diane Lane,https://en.wikipedia.org/wiki/Diane_Lane
Aja Naomi King,https://en.wikipedia.org/wiki/Aja_Naomi_King
Amy Schumer,https://en.wikipedia.org/wiki/Amy_Schumer
Omari Hardwick,https://en.wikipedia.org/wiki/Omari_Hardwick
Michaela Watkins,https://en.wikipedia.org/wiki/Michaela_Watkins
Bill O'Reilly,https://en.wikipedia.org/wiki/Bill_O%27Reilly_(political_commentator)
Randall Park,https://en.wikipedia.org/wiki/Randall_Park
Nick Offerman,https://en.wikipedia.org/wiki/Nick_Offerman
Wayne Gretzky,https://en.wikipedia.org/wiki/Wayne_Gretzky
Morgan Spurlock,https://en.wikipedia.org/wiki/Morgan_Spurlock
Hugh Laurie,https://en.wikipedia.org/wiki/Hugh_Laurie
Paul Reiser,https://en.wikipedia.org/wiki/Paul_Reiser
Nate Silver,https://en.wikipedia.org/wiki/Nate_Silver
Tiger Woods,https://en.wikipedia.org/wiki/Tiger_Woods
Elijah Wood,https://en.wikipedia.org/wiki/Elijah_Wood
Jorge Ramos,https://en.wikipedia.org/wiki/Jorge_Ramos_(news_anchor)
Matt LeBlanc,https://en.wikipedia.org/wiki/Matt_LeBlanc
Joy Bryant,https://en.wikipedia.org/wiki/Joy_Bryant
Eleanor Holmes Norton,https://en.wikipedia.org/wiki/Eleanor_Holmes_Norton
Tom Hanks,https://en.wikipedia.org/wiki/Tom_Hanks
Adam Conover,https://en.wikipedia.org/wiki/Adam_Conover
Will Forte,https://en.wikipedia.org/wiki/Will_Forte
Dermot Mulroney,https://en.wikipedia.org/wiki/Dermot_Mulroney
Wyatt Cenac,https://en.wikipedia.org/wiki/Wyatt_Cenac
Joel McHale,https://en.wikipedia.org/wiki/Joel_McHale
Abbi Jacobson,https://en.wikipedia.org/wiki/Abbi_Jacobson
Jon Glaser,https://en.wikipedia.org/wiki/Jon_Glaser
Mary-Louise Parker,https://en.wikipedia.org/wiki/Mary-Louise_Parker
Pusha T,https://en.wikipedia.org/wiki/Pusha_T
Drew Carey,https://en.wikipedia.org/wiki/Drew_Carey
Claire Foy,https://en.wikipedia.org/wiki/Claire_Foy
Matt Smith,https://en.wikipedia.org/wiki/Matt_Smith_(actor)
Ruth Wilson,https://en.wikipedia.org/wiki/Ruth_Wilson
J. B. Smoove,https://en.wikipedia.org/wiki/J._B._Smoove
Mel Gibson,https://en.wikipedia.org/wiki/Mel_Gibson
Luke Bracey,https://en.wikipedia.org/wiki/Luke_Bracey
Michael Strahan,https://en.wikipedia.org/wiki/Michael_Strahan
Nick Kroll,https://en.wikipedia.org/wiki/Nick_Kroll
Aaron Eckhart,https://en.wikipedia.org/wiki/Aaron_Eckhart
Tig Notaro,https://en.wikipedia.org/wiki/Tig_Notaro
Ron Suskind,https://en.wikipedia.org/wiki/Ron_Suskind
Viggo Mortensen,https://en.wikipedia.org/wiki/Viggo_Mortensen
Patton Oswalt,https://en.wikipedia.org/wiki/Patton_Oswalt
Don Cheadle,https://en.wikipedia.org/wiki/Don_Cheadle
Stevie Wonder,https://en.wikipedia.org/wiki/Stevie_Wonder
Katherine Waterston,https://en.wikipedia.org/wiki/Katherine_Waterston
Miles Teller,https://en.wikipedia.org/wiki/Miles_Teller
Neil deGrasse Tyson,https://en.wikipedia.org/wiki/Neil_deGrasse_Tyson
Sting,https://en.wikipedia.org/wiki/Sting_(musician)
Thandie Newton,https://en.wikipedia.org/wiki/Thandie_Newton
Mark Halperin,https://en.wikipedia.org/wiki/Mark_Halperin
John Heilemann,https://en.wikipedia.org/wiki/John_Heilemann
Jeff Goldblum,https://en.wikipedia.org/wiki/Jeff_Goldblum
Eddie Redmayne,https://en.wikipedia.org/wiki/Eddie_Redmayne
Bernie Sanders,https://en.wikipedia.org/wiki/Bernie_Sanders
Alton Brown,https://en.wikipedia.org/wiki/Alton_Brown
Anna Kendrick,https://en.wikipedia.org/wiki/Anna_Kendrick
Mahershala Ali,https://en.wikipedia.org/wiki/Mahershala_Ali
Marion Cotillard,https://en.wikipedia.org/wiki/Marion_Cotillard
Dev Patel,https://en.wikipedia.org/wiki/Dev_Patel
Amy Adams,https://en.wikipedia.org/wiki/Amy_Adams
Simone Biles,https://en.wikipedia.org/wiki/Simone_Biles
Jeff Watson,https://en.wikipedia.org/wiki/Jeff_Daniels
William H. Macy,https://en.wikipedia.org/wiki/William_H._Macy
Colin Quinn,https://en.wikipedia.org/wiki/Colin_Quinn
Michael Weatherly,https://en.wikipedia.org/wiki/Michael_Weatherly
Carrie Fisher,https://en.wikipedia.org/wiki/Carrie_Fisher
James Marsden,https://en.wikipedia.org/wiki/James_Marsden
Jimmie Johnson,https://en.wikipedia.org/wiki/Jimmie_Johnson
John Waters,https://en.wikipedia.org/wiki/John_Waters
Danny DeVito,https://en.wikipedia.org/wiki/Danny_DeVito
Max Greenfield,https://en.wikipedia.org/wiki/Max_Greenfield
Tim Daly,https://en.wikipedia.org/wiki/Tim_Daly
Lauren Cohan,https://en.wikipedia.org/wiki/Lauren_Cohan
Lauren Graham,https://en.wikipedia.org/wiki/Lauren_Graham
Justin Long,https://en.wikipedia.org/wiki/Justin_Long
Matthew Broderick,https://en.wikipedia.org/wiki/Matthew_Broderick
Ali Wentworth,https://en.wikipedia.org/wiki/Alexandra_Wentworth
Jason Bateman,https://en.wikipedia.org/wiki/Jason_Bateman
Padma Lakshmi,https://en.wikipedia.org/wiki/Padma_Lakshmi
Michael Lewis,https://en.wikipedia.org/wiki/Michael_Lewis
Joe Biden,https://en.wikipedia.org/wiki/Joe_Biden
DJ Khaled,https://en.wikipedia.org/wiki/DJ_Khaled
Sigourney Weaver,https://en.wikipedia.org/wiki/Sigourney_Weaver
Andy Cohen,https://en.wikipedia.org/wiki/Andy_Cohen_(TV_personality)
Octavia Spencer,https://en.wikipedia.org/wiki/Octavia_Spencer
John Mulaney,https://en.wikipedia.org/wiki/John_Mulaney
Olivia Munn,https://en.wikipedia.org/wiki/Olivia_Munn
Martin Freeman,https://en.wikipedia.org/wiki/Martin_Freeman
John Goodman,https://en.wikipedia.org/wiki/John_Goodman
Denée Benton,https://en.wikipedia.org/wiki/Den%C3%A9e_Benton
Mark Wahlberg,https://en.wikipedia.org/wiki/Mark_Wahlberg
Lee Daniels,https://en.wikipedia.org/wiki/Lee_Daniels
Neil Patrick Harris,https://en.wikipedia.org/wiki/Neil_Patrick_Harris
Megan Mullally,https://en.wikipedia.org/wiki/Megan_Mullally
James Franco,https://en.wikipedia.org/wiki/James_Franco
Michael Stipe,https://en.wikipedia.org/wiki/Michael_Stipe
Liam Neeson,https://en.wikipedia.org/wiki/Liam_Neeson
Shepard Smith,https://en.wikipedia.org/wiki/Shepard_Smith
Tom Hanks,https://en.wikipedia.org/wiki/Tom_Hanks
Bruce Springsteen,https://en.wikipedia.org/wiki/Bruce_Springsteen
David Duchovny,https://en.wikipedia.org/wiki/David_Duchovny
Bryan Cranston,https://en.wikipedia.org/wiki/Bryan_Cranston
Robert De Niro,https://en.wikipedia.org/wiki/Robert_De_Niro
Amy Schumer,https://en.wikipedia.org/wiki/Amy_Schumer
John Krasinski,https://en.wikipedia.org/wiki/John_Krasinski
Millie Bobby Brown,https://en.wikipedia.org/wiki/Millie_Bobby_Brown
Will Smith,https://en.wikipedia.org/wiki/Will_Smith
Anna Kendrick,https://en.wikipedia.org/wiki/Anna_Kendrick
Chris Pratt,https://en.wikipedia.org/wiki/Chris_Pratt
Jason Bateman,https://en.wikipedia.org/wiki/Jason_Bateman
Oprah Winfrey,https://en.wikipedia.org/wiki/Oprah_Winfrey
Kate Beckinsale,https://en.wikipedia.org/wiki/Kate_Beckinsale
Chris Messina,https://en.wikipedia.org/wiki/Chris_Messina
Jen Kirkman,https://en.wikipedia.org/wiki/Jen_Kirkman
Adam Driver,https://en.wikipedia.org/wiki/Adam_Driver
Alexa Davalos,https://en.wikipedia.org/wiki/Alexa_Davalos
Charlie Rose,https://en.wikipedia.org/wiki/Charlie_Rose
Hayden Panettiere,https://en.wikipedia.org/wiki/Hayden_Panettiere
Jack Maxwell,None
Billy Joel,https://en.wikipedia.org/wiki/Billy_Joel
Josh Holloway,https://en.wikipedia.org/wiki/Josh_Holloway
Andrew Garfield,https://en.wikipedia.org/wiki/Andrew_Garfield
Erin Andrews,https://en.wikipedia.org/wiki/Erin_Andrews
Jude Law,https://en.wikipedia.org/wiki/Jude_Law
Gabrielle Union,https://en.wikipedia.org/wiki/Gabrielle_Union
Thomas L. Friedman,https://en.wikipedia.org/wiki/Thomas_Friedman
Tom Selleck,https://en.wikipedia.org/wiki/Tom_Selleck
Craig Robinson,https://en.wikipedia.org/wiki/Craig_Robinson_(actor)
Cuba Gooding Jr.,https://en.wikipedia.org/wiki/Cuba_Gooding_Jr.
Rupert Friend,https://en.wikipedia.org/wiki/Rupert_Friend
Sarah Paulson,https://en.wikipedia.org/wiki/Sarah_Paulson
Corey Stoll,https://en.wikipedia.org/wiki/Corey_Stoll
Billy Eichner,https://en.wikipedia.org/wiki/Billy_Eichner
Mel B,https://en.wikipedia.org/wiki/Mel_B
Gilbert Gottfried,https://en.wikipedia.org/wiki/Gilbert_Gottfried
Idina Menzel,https://en.wikipedia.org/wiki/Idina_Menzel
Rachel Bloom,https://en.wikipedia.org/wiki/Rachel_Bloom
Louie Anderson,https://en.wikipedia.org/wiki/Louie_Anderson
Johnny Galecki,https://en.wikipedia.org/wiki/Johnny_Galecki
Chris Matthews,https://en.wikipedia.org/wiki/Chris_Matthews
Jim Gaffigan,https://en.wikipedia.org/wiki/Jim_Gaffigan
Cristela Alonzo,https://en.wikipedia.org/wiki/Cristela_Alonzo
Leslie Mann,https://en.wikipedia.org/wiki/Leslie_Mann
Lewis Black,https://en.wikipedia.org/wiki/Lewis_Black
Dan Levy,https://en.wikipedia.org/wiki/Dan_Levy_(TV_personality)
Josh Groban,https://en.wikipedia.org/wiki/Josh_Groban
Rachael Ray,https://en.wikipedia.org/wiki/Rachael_Ray
Ricky Gervais,https://en.wikipedia.org/wiki/Ricky_Gervais
Christina Ricci,https://en.wikipedia.org/wiki/Christina_Ricci
Dr. Phil,https://en.wikipedia.org/wiki/Phil_McGraw
Michael Bolton,https://en.wikipedia.org/wiki/Michael_Bolton
Priyanka Chopra,https://en.wikipedia.org/wiki/Priyanka_Chopra
Thomas Sadoski,https://en.wikipedia.org/wiki/Thomas_Sadoski
Paul Giamatti,https://en.wikipedia.org/wiki/Paul_Giamatti
Wendy Williams,https://en.wikipedia.org/wiki/Wendy_Williams
John Oliver,https://en.wikipedia.org/wiki/John_Oliver
Isabelle Huppert,https://en.wikipedia.org/wiki/Isabelle_Huppert
Robert De Niro,https://en.wikipedia.org/wiki/Robert_De_Niro
Jake Tapper,https://en.wikipedia.org/wiki/Jake_Tapper
Ezra Edelman,https://en.wikipedia.org/wiki/Ezra_Edelman
David Oyelowo,https://en.wikipedia.org/wiki/David_Oyelowo
Taran Killam,https://en.wikipedia.org/wiki/Taran_Killam
Will Arnett,https://en.wikipedia.org/wiki/Will_Arnett
Pete Holmes,https://en.wikipedia.org/wiki/Pete_Holmes
Shailene Woodley,https://en.wikipedia.org/wiki/Shailene_Woodley
Laverne Cox,https://en.wikipedia.org/wiki/Laverne_Cox
Rick,None
Marty Lagina,None
Christine Baranski,https://en.wikipedia.org/wiki/Christine_Baranski
Bob Odenkirk,https://en.wikipedia.org/wiki/Bob_Odenkirk
Tatiana Maslany,https://en.wikipedia.org/wiki/Tatiana_Maslany
George Saunders,https://en.wikipedia.org/wiki/George_Saunders
Sally Field,https://en.wikipedia.org/wiki/Sally_Field
Maggie Siff,https://en.wikipedia.org/wiki/Maggie_Siff
Julie Andrews,https://en.wikipedia.org/wiki/Julie_Andrews
Christina Hendricks,https://en.wikipedia.org/wiki/Christina_Hendricks
Uma Thurman,https://en.wikipedia.org/wiki/Uma_Thurman
Jason Jones,https://en.wikipedia.org/wiki/Jason_Jones_(actor)
Joe Scarborough,https://en.wikipedia.org/wiki/Joe_Scarborough
Kate Upton,https://en.wikipedia.org/wiki/Kate_Upton
Yvette Nicole Brown,https://en.wikipedia.org/wiki/Yvette_Nicole_Brown
Kelly Ripa,https://en.wikipedia.org/wiki/Kelly_Ripa
Billy Gardell,https://en.wikipedia.org/wiki/Billy_Gardell
Aubrey Plaza,https://en.wikipedia.org/wiki/Aubrey_Plaza
Bradley Whitford,https://en.wikipedia.org/wiki/Bradley_Whitford
Allison Williams,https://en.wikipedia.org/wiki/Allison_Williams_(actress)
Cush Jumbo,https://en.wikipedia.org/wiki/Cush_Jumbo
Connie Britton,https://en.wikipedia.org/wiki/Connie_Britton
Zoey Deutch,https://en.wikipedia.org/wiki/Zoey_Deutch
Josh Earnest,https://en.wikipedia.org/wiki/Josh_Earnest
Lisa Kudrow,https://en.wikipedia.org/wiki/Lisa_Kudrow
Patrick Stewart,https://en.wikipedia.org/wiki/Patrick_Stewart
Chris Colfer,https://en.wikipedia.org/wiki/Chris_Colfer
Roy Wood Jr.,https://en.wikipedia.org/wiki/Roy_Wood_Jr.
Hugh Jackman,https://en.wikipedia.org/wiki/Hugh_Jackman
Condola Rashād,https://en.wikipedia.org/wiki/Condola_Rash%C4%81d
Cate Blanchett,https://en.wikipedia.org/wiki/Cate_Blanchett
Paul Rust,https://en.wikipedia.org/wiki/Paul_Rust
Anderson Cooper,https://en.wikipedia.org/wiki/Anderson_Cooper
Judd Apatow,https://en.wikipedia.org/wiki/Judd_Apatow
Kevin Kline,https://en.wikipedia.org/wiki/Kevin_Kline
Jerrod Carmichael,https://en.wikipedia.org/wiki/Jerrod_Carmichael
Michael Hayden,https://en.wikipedia.org/wiki/Michael_Hayden_(general)
Mark Halperin,https://en.wikipedia.org/wiki/Mark_Halperin
John Heilemann,https://en.wikipedia.org/wiki/John_Heilemann
Michael Ian Black,https://en.wikipedia.org/wiki/Michael_Ian_Black
Jackson Galaxy,https://en.wikipedia.org/wiki/Jackson_Galaxy
Kristen Stewart,https://en.wikipedia.org/wiki/Kristen_Stewart
Maz Jobrani,https://en.wikipedia.org/wiki/Maz_Jobrani
Felicity Huffman,https://en.wikipedia.org/wiki/Felicity_Huffman
Jurnee Smollett-Bell,https://en.wikipedia.org/wiki/Jurnee_Smollett-Bell
Ewan McGregor,https://en.wikipedia.org/wiki/Ewan_McGregor
Finn Wittrock,https://en.wikipedia.org/wiki/Finn_Wittrock
Neil deGrasse Tyson,https://en.wikipedia.org/wiki/Neil_deGrasse_Tyson
Todd Barry,https://en.wikipedia.org/wiki/Todd_Barry
Jessica Lange,https://en.wikipedia.org/wiki/Jessica_Lange
Bassem Youssef,https://en.wikipedia.org/wiki/Bassem_Youssef
Judy Gold,https://en.wikipedia.org/wiki/Judy_Gold
Bryan Cranston,https://en.wikipedia.org/wiki/Bryan_Cranston
Audra McDonald,https://en.wikipedia.org/wiki/Audra_McDonald
Ryan Reynolds,https://en.wikipedia.org/wiki/Ryan_Reynolds
Josh Lucas,https://en.wikipedia.org/wiki/Josh_Lucas
Andy Daly,https://en.wikipedia.org/wiki/Andy_Daly
Glenn Close,https://en.wikipedia.org/wiki/Glenn_Close
Michael McKean,https://en.wikipedia.org/wiki/Michael_McKean
H. Jon Benjamin,https://en.wikipedia.org/wiki/H._Jon_Benjamin
Lily Tomlin,https://en.wikipedia.org/wiki/Lily_Tomlin
Jane Fonda,https://en.wikipedia.org/wiki/Jane_Fonda
Jay Chandrasekhar,https://en.wikipedia.org/wiki/Jay_Chandrasekhar
Hank Azaria,https://en.wikipedia.org/wiki/Hank_Azaria
Kate Walsh,https://en.wikipedia.org/wiki/Kate_Walsh_(actress)
Emma Roberts,https://en.wikipedia.org/wiki/Emma_Roberts
Ken Jeong,https://en.wikipedia.org/wiki/Ken_Jeong
Luke Bryan,https://en.wikipedia.org/wiki/Luke_Bryan
Dierks Bentley,https://en.wikipedia.org/wiki/Dierks_Bentley
Marisa Tomei,https://en.wikipedia.org/wiki/Marisa_Tomei
Hugh Dancy,https://en.wikipedia.org/wiki/Hugh_Dancy
Susan Sarandon,https://en.wikipedia.org/wiki/Susan_Sarandon
Joey McIntyre,https://en.wikipedia.org/wiki/Joey_McIntyre
Robert Klein,https://en.wikipedia.org/wiki/Robert_Klein
Jason Sudeikis,https://en.wikipedia.org/wiki/Jason_Sudeikis
Jennifer Esposito,https://en.wikipedia.org/wiki/Jennifer_Esposito
Louis C.K.,https://en.wikipedia.org/wiki/Louis_C.K.
Ernie Johnson Jr.,https://en.wikipedia.org/wiki/Ernie_Johnson_Jr.
Sigourney Weaver,https://en.wikipedia.org/wiki/Sigourney_Weaver
Jon Favreau,https://en.wikipedia.org/wiki/Jon_Favreau_(speechwriter)
Jon Lovett,https://en.wikipedia.org/wiki/Jon_Lovett
Tommy Vietor,https://en.wikipedia.org/wiki/Tommy_Vietor
Jessica Lange,https://en.wikipedia.org/wiki/Jessica_Lange
Kadeem Hardison,https://en.wikipedia.org/wiki/Kadeem_Hardison
Judy Gold,https://en.wikipedia.org/wiki/Judy_Gold
Mandy Patinkin,https://en.wikipedia.org/wiki/Mandy_Patinkin
Zosia Mamet,https://en.wikipedia.org/wiki/Zosia_Mamet
Jerrod Carmichael,https://en.wikipedia.org/wiki/Jerrod_Carmichael
Jennifer Hudson,https://en.wikipedia.org/wiki/Jennifer_Hudson
Chris Hayes,https://en.wikipedia.org/wiki/Chris_Matthews
Christian Borle,https://en.wikipedia.org/wiki/Christian_Borle
Alec Baldwin,https://en.wikipedia.org/wiki/Alec_Baldwin
Charlamagne tha God,https://en.wikipedia.org/wiki/Charlamagne_tha_God
Rose Byrne,https://en.wikipedia.org/wiki/Rose_Byrne
Lewis Black,https://en.wikipedia.org/wiki/Lewis_Black
Elisabeth Moss,https://en.wikipedia.org/wiki/Elisabeth_Moss
Anthony Atamanuik,https://en.wikipedia.org/wiki/Anthony_Atamanuik
Rosario Dawson,https://en.wikipedia.org/wiki/Rosario_Dawson
Renée Elise Goldsberry,https://en.wikipedia.org/wiki/Ren%C3%A9e_Elise_Goldsberry
Moshe Kasher,https://en.wikipedia.org/wiki/Moshe_Kasher
Allison Janney,https://en.wikipedia.org/wiki/Allison_Janney
Sheryl Sandberg,https://en.wikipedia.org/wiki/Sheryl_Sandberg
John Legend,https://en.wikipedia.org/wiki/John_Legend
Kelly Osbourne,https://en.wikipedia.org/wiki/Kelly_Osbourne
America Ferrera,https://en.wikipedia.org/wiki/America_Ferrera
Thomas Middleditch,https://en.wikipedia.org/wiki/Thomas_Middleditch
Dave,https://en.wikipedia.org/wiki/Dave_Grohl
Virginia Grohl,None
LL Cool J,https://en.wikipedia.org/wiki/LL_Cool_J
Phillipa Soo,https://en.wikipedia.org/wiki/Phillipa_Soo
Tom Hanks,https://en.wikipedia.org/wiki/Tom_Hanks
Anna Baryshnikov,https://en.wikipedia.org/wiki/Anna_Baryshnikov
Chris Pratt,https://en.wikipedia.org/wiki/Chris_Pratt
Neil deGrasse Tyson,https://en.wikipedia.org/wiki/Neil_deGrasse_Tyson
Amy Schumer,https://en.wikipedia.org/wiki/Amy_Schumer
Gabourey Sidibe,https://en.wikipedia.org/wiki/Gabourey_Sidibe
Jim Parsons,https://en.wikipedia.org/wiki/Jim_Parsons
Jeff Garlin,https://en.wikipedia.org/wiki/Jeff_Garlin
Paul Scheer,https://en.wikipedia.org/wiki/Paul_Scheer
Charles Barkley,https://en.wikipedia.org/wiki/Charles_Barkley
Debra Winger,https://en.wikipedia.org/wiki/Debra_Winger
Richard Gere,https://en.wikipedia.org/wiki/Richard_Gere
Maria Bamford,https://en.wikipedia.org/wiki/Maria_Bamford
Rami Malek,https://en.wikipedia.org/wiki/Rami_Malek
Bill Nye,https://en.wikipedia.org/wiki/Bill_Nye
Jon Stewart,https://en.wikipedia.org/wiki/Jon_Stewart
Samantha Bee,https://en.wikipedia.org/wiki/Samantha_Bee
John Oliver,https://en.wikipedia.org/wiki/John_Oliver
Ed Helms,https://en.wikipedia.org/wiki/Ed_Helms
Rob Corddry,https://en.wikipedia.org/wiki/Rob_Corddry
Megan Mullally,https://en.wikipedia.org/wiki/Megan_Mullally
Nick Offerman,https://en.wikipedia.org/wiki/Nick_Offerman
Seth Meyers,https://en.wikipedia.org/wiki/Seth_Meyers
Mayim Bialik,https://en.wikipedia.org/wiki/Mayim_Bialik
Andy Karl,https://en.wikipedia.org/wiki/Andy_Karl
Tracy Morgan,https://en.wikipedia.org/wiki/Tracy_Morgan
Timothy Simons,https://en.wikipedia.org/wiki/Timothy_Simons
Danny McBride,https://en.wikipedia.org/wiki/Danny_McBride
Jane Krakowski,https://en.wikipedia.org/wiki/Jane_Krakowski
Gina Rodriguez,https://en.wikipedia.org/wiki/Gina_Rodriguez
Ben Falcone,https://en.wikipedia.org/wiki/Ben_Falcone
Julie Chen,https://en.wikipedia.org/wiki/Julie_Chen
Matt Walsh,https://en.wikipedia.org/wiki/Matt_Walsh_(comedian)
David Ortiz,https://en.wikipedia.org/wiki/David_Ortiz
Ricky Gervais,https://en.wikipedia.org/wiki/Ricky_Gervais
Corey Hawkins,https://en.wikipedia.org/wiki/Corey_Hawkins
Jennifer Garner,https://en.wikipedia.org/wiki/Jennifer_Garner
Demetri Martin,https://en.wikipedia.org/wiki/Demetri_Martin
Paula Poundstone,https://en.wikipedia.org/wiki/Paula_Poundstone
Rachel Maddow,https://en.wikipedia.org/wiki/Rachel_Maddow
Ben Platt,https://en.wikipedia.org/wiki/Ben_Platt_(actor)
Kevin Spacey,https://en.wikipedia.org/wiki/Kevin_Spacey
Terry Crews,https://en.wikipedia.org/wiki/Terry_Crews
Rob Huebel,https://en.wikipedia.org/wiki/Rob_Huebel
Robin Wright,https://en.wikipedia.org/wiki/Robin_Wright
Hannibal Buress,https://en.wikipedia.org/wiki/Hannibal_Buress
Oscar Isaac,https://en.wikipedia.org/wiki/Oscar_Isaac
Laurie Metcalf,https://en.wikipedia.org/wiki/Laurie_Metcalf
April Ryan,https://en.wikipedia.org/wiki/April_Ryan
Gordon Ramsay,https://en.wikipedia.org/wiki/Gordon_Ramsay
David Sedaris,https://en.wikipedia.org/wiki/David_Sedaris
Kevin Hart,https://en.wikipedia.org/wiki/Kevin_Hart
Ali Wentworth,https://en.wikipedia.org/wiki/Alexandra_Wentworth
Salma Hayek,https://en.wikipedia.org/wiki/Salma_Hayek
Hasan Minhaj,https://en.wikipedia.org/wiki/Hasan_Minhaj
Tilda Swinton,https://en.wikipedia.org/wiki/Tilda_Swinton
Andy Cohen,https://en.wikipedia.org/wiki/Andy_Cohen_(TV_personality)
Jordan Klepper,https://en.wikipedia.org/wiki/Jordan_Klepper
John Mulaney,https://en.wikipedia.org/wiki/John_Mulaney
Richard Branson,https://en.wikipedia.org/wiki/Richard_Branson
Jim Gaffigan,https://en.wikipedia.org/wiki/Jim_Gaffigan
Anna Chlumsky,https://en.wikipedia.org/wiki/Anna_Chlumsky
Uzo Aduba,https://en.wikipedia.org/wiki/Uzo_Aduba
T. J. Miller,https://en.wikipedia.org/wiki/T._J._Miller
Oliver Stone,https://en.wikipedia.org/wiki/Oliver_Stone
Olivia Wilde,https://en.wikipedia.org/wiki/Olivia_Wilde
Eddie Izzard,https://en.wikipedia.org/wiki/Eddie_Izzard
Trevor Noah,https://en.wikipedia.org/wiki/Trevor_Noah
Ilana Glazer,https://en.wikipedia.org/wiki/Ilana_Glazer
Sam Richardson,https://en.wikipedia.org/wiki/Sam_Richardson_(actor)
Milo Ventimiglia,https://en.wikipedia.org/wiki/Milo_Ventimiglia
Judy Greer,https://en.wikipedia.org/wiki/Judy_Greer
Scarlett Johansson,https://en.wikipedia.org/wiki/Scarlett_Johansson
Bill Burr,https://en.wikipedia.org/wiki/Bill_Burr
Seth Rogen,https://en.wikipedia.org/wiki/Seth_Rogen
Kumail Nanjiani,https://en.wikipedia.org/wiki/Kumail_Nanjiani
Ice Cube,https://en.wikipedia.org/wiki/Ice_Cube
Marc Maron,https://en.wikipedia.org/wiki/Marc_Maron
Jeffrey Tambor,https://en.wikipedia.org/wiki/Jeffrey_Tambor
John Benjamin Hickey,https://en.wikipedia.org/wiki/John_Benjamin_Hickey
Michael Keaton,https://en.wikipedia.org/wiki/Michael_Keaton
Zoe Kazan,https://en.wikipedia.org/wiki/Zoe_Kazan
Eric Stonestreet,https://en.wikipedia.org/wiki/Eric_Stonestreet
John McEnroe,https://en.wikipedia.org/wiki/John_McEnroe
Josh Duhamel,https://en.wikipedia.org/wiki/Josh_Duhamel
Justin Bartha,https://en.wikipedia.org/wiki/Justin_Bartha
Brian Greene,https://en.wikipedia.org/wiki/Brian_Greene
Naomi Watts,https://en.wikipedia.org/wiki/Naomi_Watts
Ari Graynor,https://en.wikipedia.org/wiki/Ari_Graynor
Michael Keaton,https://en.wikipedia.org/wiki/Michael_Keaton
John McEnroe,https://en.wikipedia.org/wiki/John_McEnroe
Woody Harrelson,https://en.wikipedia.org/wiki/Woody_Harrelson
Cobie Smulders,https://en.wikipedia.org/wiki/Cobie_Smulders
Joe Scarborough,https://en.wikipedia.org/wiki/Joe_Scarborough
Mika Brzezinski,https://en.wikipedia.org/wiki/Mika_Brzezinski
Andy Serkis,https://en.wikipedia.org/wiki/Andy_Serkis
John Oliver,https://en.wikipedia.org/wiki/John_Oliver
Mike Birbiglia,https://en.wikipedia.org/wiki/Mike_Birbiglia
Michael Showalter,https://en.wikipedia.org/wiki/Michael_Showalter
Ashton Kutcher,https://en.wikipedia.org/wiki/Ashton_Kutcher
Rob Corddry,https://en.wikipedia.org/wiki/Rob_Corddry
John Oliver,https://en.wikipedia.org/wiki/John_Oliver
Woody Harrelson,https://en.wikipedia.org/wiki/Woody_Harrelson
Al Gore,https://en.wikipedia.org/wiki/Al_Gore
Issa Rae,https://en.wikipedia.org/wiki/Issa_Rae
Keegan-Michael Key,https://en.wikipedia.org/wiki/Keegan-Michael_Key
Cillian Murphy,https://en.wikipedia.org/wiki/Cillian_Murphy
James McAvoy,https://en.wikipedia.org/wiki/James_McAvoy
Jason Bateman,https://en.wikipedia.org/wiki/Jason_Bateman
Kenneth Branagh,https://en.wikipedia.org/wiki/Kenneth_Branagh
Cara Delevingne,https://en.wikipedia.org/wiki/Cara_Delevingne
Paul Bettany,https://en.wikipedia.org/wiki/Paul_Bettany
Laura Benanti,https://en.wikipedia.org/wiki/Laura_Benanti
Charlie Rose,https://en.wikipedia.org/wiki/Charlie_Rose
Jessica Williams,https://en.wikipedia.org/wiki/Jessica_Williams_(actress)
Max Brooks,https://en.wikipedia.org/wiki/Max_Brooks
Michael Moore,https://en.wikipedia.org/wiki/Michael_Moore
Sutton Foster,https://en.wikipedia.org/wiki/Sutton_Foster
Samantha Bee,https://en.wikipedia.org/wiki/Samantha_Bee
Gillian Jacobs,https://en.wikipedia.org/wiki/Gillian_Jacobs
Charlie Rose,https://en.wikipedia.org/wiki/Charlie_Rose
Jessica Williams,https://en.wikipedia.org/wiki/Jessica_Williams_(actress)
Matthew McConaughey,https://en.wikipedia.org/wiki/Matthew_McConaughey
Vanessa Bayer,https://en.wikipedia.org/wiki/Vanessa_Bayer
Senator Al Franken,https://en.wikipedia.org/wiki/Al_Franken
Adam Conover,https://en.wikipedia.org/wiki/Adam_Conover
Dave Chappelle,https://en.wikipedia.org/wiki/Dave_Chappelle
James Van Der Beek,https://en.wikipedia.org/wiki/James_Van_Der_Beek
Joe Walsh,https://en.wikipedia.org/wiki/Joe_Walsh
Anthony Mackie,https://en.wikipedia.org/wiki/Anthony_Mackie
Elizabeth Olsen,https://en.wikipedia.org/wiki/Elizabeth_Olsen
Al Franken,https://en.wikipedia.org/wiki/Al_Franken
Laura Dern,https://en.wikipedia.org/wiki/Laura_Dern
Leah Remini,https://en.wikipedia.org/wiki/Leah_Remini
Christoph Waltz,https://en.wikipedia.org/wiki/Christoph_Waltz
Chris O'Dowd,https://en.wikipedia.org/wiki/Chris_O%27Dowd
Sean Evans,https://en.wikipedia.org/wiki/Sean_Evans_(interviewer)
Robert Pattinson,https://en.wikipedia.org/wiki/Robert_Pattinson
David Tennant,https://en.wikipedia.org/wiki/David_Tennant
Niecy Nash,https://en.wikipedia.org/wiki/Niecy_Nash
Millie Bobby Brown,https://en.wikipedia.org/wiki/Millie_Bobby_Brown
Jim Jefferies,https://en.wikipedia.org/wiki/Jeff_Bridges
Dave Chappelle,https://en.wikipedia.org/wiki/Dave_Chappelle
Chris O'Dowd,https://en.wikipedia.org/wiki/Chris_O%27Dowd
Anthony Scaramucci,https://en.wikipedia.org/wiki/Anthony_Scaramucci
Bob Odenkirk,https://en.wikipedia.org/wiki/Bob_Odenkirk
Daniel Craig,https://en.wikipedia.org/wiki/Daniel_Craig
Tiffany Haddish,https://en.wikipedia.org/wiki/Tiffany_Haddish
Ellie Kemper,https://en.wikipedia.org/wiki/Ellie_Kemper
Andrew Dice Clay,https://en.wikipedia.org/wiki/Andrew_Dice_Clay
Peter Serafinowicz,https://en.wikipedia.org/wiki/Peter_Serafinowicz
John Dickerson,https://en.wikipedia.org/wiki/John_Dickerson_(journalist)
Michael Rapaport,https://en.wikipedia.org/wiki/Michael_Rapaport
Anthony Scaramucci,https://en.wikipedia.org/wiki/Anthony_Scaramucci
Tiffany Haddish,https://en.wikipedia.org/wiki/Tiffany_Haddish
Maggie Gyllenhaal,https://en.wikipedia.org/wiki/Maggie_Gyllenhaal
Graham Norton,https://en.wikipedia.org/wiki/Graham_Norton
Liev Schreiber,https://en.wikipedia.org/wiki/Liev_Schreiber
Joe Buck,https://en.wikipedia.org/wiki/Joe_Buck
Sonequa Martin-Green,https://en.wikipedia.org/wiki/Sonequa_Martin-Green
Bernie Sanders,https://en.wikipedia.org/wiki/Bernie_Sanders
Caitriona Balfe,https://en.wikipedia.org/wiki/Caitriona_Balfe
Jessica Biel,https://en.wikipedia.org/wiki/Jessica_Biel
Sonequa Martin-Green,https://en.wikipedia.org/wiki/Sonequa_Martin-Green
Hillary Clinton,https://en.wikipedia.org/wiki/Hillary_Clinton
Emma Stone,https://en.wikipedia.org/wiki/Emma_Stone
Jeff Bridges,https://en.wikipedia.org/wiki/Jeff_Bridges
Jeff Flake,https://en.wikipedia.org/wiki/Jeff_Flake
Jim Parsons,https://en.wikipedia.org/wiki/Jim_Parsons
Pamela Adlon,https://en.wikipedia.org/wiki/Pamela_Adlon
Bobby Moynihan,https://en.wikipedia.org/wiki/Bobby_Moynihan
Tatiana Maslany,https://en.wikipedia.org/wiki/Tatiana_Maslany
Sterling K. Brown,https://en.wikipedia.org/wiki/Sterling_K._Brown
Chance the Rapper,https://en.wikipedia.org/wiki/Chance_the_Rapper
Sofía Vergara,https://en.wikipedia.org/wiki/Sof%C3%ADa_Vergara
David Boreanaz,https://en.wikipedia.org/wiki/David_Boreanaz
Ken Burns,https://en.wikipedia.org/wiki/Ken_Burns
Nick Kroll,https://en.wikipedia.org/wiki/Nick_Kroll
Michael Bloomberg,https://en.wikipedia.org/wiki/Michael_Bloomberg
Steve Martin,https://en.wikipedia.org/wiki/Steve_Martin
Mark Feuerstein,https://en.wikipedia.org/wiki/Mark_Feuerstein
Jerry Seinfeld,https://en.wikipedia.org/wiki/Jerry_Seinfeld
Pierce Brosnan,https://en.wikipedia.org/wiki/Pierce_Brosnan
Jason Alexander,https://en.wikipedia.org/wiki/Jason_Alexander
Ta-Nehisi Coates,https://en.wikipedia.org/wiki/Ta-Nehisi_Coates
Michael Weatherly,https://en.wikipedia.org/wiki/Michael_Weatherly
Natasha Leggero,https://en.wikipedia.org/wiki/Natasha_Leggero
Kerry Washington,https://en.wikipedia.org/wiki/Kerry_Washington
Russell Brand,https://en.wikipedia.org/wiki/Russell_Brand
Morgan Freeman,https://en.wikipedia.org/wiki/Morgan_Freeman
Grace Gummer,https://en.wikipedia.org/wiki/Grace_Gummer
Kathy Bates,https://en.wikipedia.org/wiki/Kathy_Bates
Jackie Chan,https://en.wikipedia.org/wiki/Jackie_Chan
Bob Schieffer,https://en.wikipedia.org/wiki/Bob_Schieffer
Tracee Ellis Ross,https://en.wikipedia.org/wiki/Tracee_Ellis_Ross
Luke Evans,https://en.wikipedia.org/wiki/Luke_Evans_(actor)
Andrew Garfield,https://en.wikipedia.org/wiki/Andrew_Garfield
Tracey Ullman,https://en.wikipedia.org/wiki/Tracey_Ullman
Bill Murray,https://en.wikipedia.org/wiki/Bill_Murray
Claire Foy,https://en.wikipedia.org/wiki/Claire_Foy
Conan O'Brien,https://en.wikipedia.org/wiki/Conan_O%27Brien
Tig Notaro,https://en.wikipedia.org/wiki/Tig_Notaro
Anna Faris,https://en.wikipedia.org/wiki/Anna_Faris
Amy Sedaris,https://en.wikipedia.org/wiki/Amy_Sedaris
Jake Tapper,https://en.wikipedia.org/wiki/Jake_Tapper
Shemar Moore,https://en.wikipedia.org/wiki/Shemar_Moore
Hugh Laurie,https://en.wikipedia.org/wiki/Hugh_Laurie
Gretchen Carlson,https://en.wikipedia.org/wiki/Gretchen_Carlson
Julianne Moore,https://en.wikipedia.org/wiki/Julianne_Moore
Jermaine Fowler,https://en.wikipedia.org/wiki/Jermaine_Fowler
Dr. Phil,https://en.wikipedia.org/wiki/Phil_McGraw
Captain Scott Kelly,https://en.wikipedia.org/wiki/Scott_Kelly_(astronaut)
Billy Eichner,https://en.wikipedia.org/wiki/Billy_Eichner
Anna Camp,https://en.wikipedia.org/wiki/Anna_Camp
Mark Ruffalo,https://en.wikipedia.org/wiki/Mark_Ruffalo
Chris Matthews,https://en.wikipedia.org/wiki/Chris_Matthews
Gilbert Gottfried,https://en.wikipedia.org/wiki/Gilbert_Gottfried
Nicole Kidman,https://en.wikipedia.org/wiki/Nicole_Kidman
Jonathan Groff,https://en.wikipedia.org/wiki/Jonathan_Groff
Whoopi Goldberg,https://en.wikipedia.org/wiki/Whoopi_Goldberg
Kathryn Hahn,https://en.wikipedia.org/wiki/Kathryn_Hahn
Ronan Farrow,https://en.wikipedia.org/wiki/Ronan_Farrow
Walter Isaacson,https://en.wikipedia.org/wiki/Walter_Isaacson
Josh Gad,https://en.wikipedia.org/wiki/Josh_Gad
Lawrence O'Donnell,https://en.wikipedia.org/wiki/Lawrence_O%27Donnell
Derek DelGaudio,https://en.wikipedia.org/wiki/Derek_DelGaudio
Jason Segel,https://en.wikipedia.org/wiki/Jason_Segel
Jeff Fager,https://en.wikipedia.org/wiki/Jeff_Fager
Lesley Stahl,https://en.wikipedia.org/wiki/Lesley_Stahl
Norman Reedus,https://en.wikipedia.org/wiki/Norman_Reedus
Sean Astin,https://en.wikipedia.org/wiki/Sean_Astin
William H. Macy,https://en.wikipedia.org/wiki/William_H._Macy
Jay Pharoah,https://en.wikipedia.org/wiki/Jay_Pharoah
John Mulaney,https://en.wikipedia.org/wiki/John_Mulaney
Jason Segel,https://en.wikipedia.org/wiki/Jason_Segel
Joe Biden,https://en.wikipedia.org/wiki/Joe_Biden
Elton John,https://en.wikipedia.org/wiki/Elton_John
Tyler Perry,https://en.wikipedia.org/wiki/Tyler_Perry
Anthony Atamanuik,https://en.wikipedia.org/wiki/Anthony_Atamanuik
John Avlon,https://en.wikipedia.org/wiki/John_Avlon
Jordan Peele,https://en.wikipedia.org/wiki/Jordan_Peele
Alia Shawkat,https://en.wikipedia.org/wiki/Alia_Shawkat
Ben Affleck,https://en.wikipedia.org/wiki/Ben_Affleck
Greta Gerwig,https://en.wikipedia.org/wiki/Greta_Gerwig
Norah O'Donnell,https://en.wikipedia.org/wiki/Norah_O%27Donnell
Elizabeth Warren,https://en.wikipedia.org/wiki/Elizabeth_Warren
Desus,https://en.wikipedia.org/wiki/Desus
Mero,https://en.wikipedia.org/wiki/The_Kid_Mero
Gayle King,https://en.wikipedia.org/wiki/Gayle_King
Daveed Diggs,https://en.wikipedia.org/wiki/Daveed_Diggs
John Leguizamo,https://en.wikipedia.org/wiki/John_Leguizamo
Justin Timberlake,https://en.wikipedia.org/wiki/Justin_Timberlake
Carmen Yulín Cruz,https://en.wikipedia.org/wiki/Carmen_Yul%C3%ADn_Cruz
Kate Winslet,https://en.wikipedia.org/wiki/Kate_Winslet
Carol Burnett,https://en.wikipedia.org/wiki/Carol_Burnett
Lewis Black,https://en.wikipedia.org/wiki/Lewis_Black
Billy Bush,https://en.wikipedia.org/wiki/Billy_Bush
Gwendoline Christie,https://en.wikipedia.org/wiki/Gwendoline_Christie
Saoirse Ronan,https://en.wikipedia.org/wiki/Saoirse_Ronan
Van Jones,https://en.wikipedia.org/wiki/Van_Jones
Michelle Wolf,https://en.wikipedia.org/wiki/Michelle_Wolf
Ed Helms,https://en.wikipedia.org/wiki/Ed_Helms
Christopher Jackson,https://en.wikipedia.org/wiki/Christopher_Jackson_(actor)
Sarah Paulson,https://en.wikipedia.org/wiki/Sarah_Paulson
John Hodgman,https://en.wikipedia.org/wiki/John_Hodgman
Mark Hamill,https://en.wikipedia.org/wiki/Mark_Hamill
Bobby Flay,https://en.wikipedia.org/wiki/Bobby_Flay
Matt Damon,https://en.wikipedia.org/wiki/Matt_Damon
Rahm Emanuel,https://en.wikipedia.org/wiki/Rahm_Emanuel
Tom Hanks,https://en.wikipedia.org/wiki/Tom_Hanks
Katy Tur,https://en.wikipedia.org/wiki/Katy_Tur
Nick Jonas,https://en.wikipedia.org/wiki/Nick_Jonas
Dennis Rodman,https://en.wikipedia.org/wiki/Dennis_Rodman
Adam Driver,https://en.wikipedia.org/wiki/Adam_Driver
John Early,https://en.wikipedia.org/wiki/John_Early_(comedian)
Jodie Foster,https://en.wikipedia.org/wiki/Jodie_Foster
Tom Hanks,https://en.wikipedia.org/wiki/Tom_Hanks
Anderson Cooper,https://en.wikipedia.org/wiki/Anderson_Cooper
Maz Jobrani,https://en.wikipedia.org/wiki/Maz_Jobrani
America Ferrera,https://en.wikipedia.org/wiki/America_Ferrera
David Harbour,https://en.wikipedia.org/wiki/David_Harbour
50 Cent,https://en.wikipedia.org/wiki/50_Cent
Rachel Brosnahan,https://en.wikipedia.org/wiki/Rachel_Brosnahan
Neil deGrasse Tyson,https://en.wikipedia.org/wiki/Neil_deGrasse_Tyson
Liam Neeson,https://en.wikipedia.org/wiki/Liam_Neeson
Michael Wolff,https://en.wikipedia.org/wiki/Michael_Pollan
James Franco,https://en.wikipedia.org/wiki/James_Franco
Lena Waithe,https://en.wikipedia.org/wiki/Lena_Waithe
Sarah Jessica Parker,https://en.wikipedia.org/wiki/Sarah_Jessica_Parker
Pete Holmes,https://en.wikipedia.org/wiki/Pete_Holmes
Molly Shannon,https://en.wikipedia.org/wiki/Molly_Shannon
Thomas Lennon,https://en.wikipedia.org/wiki/Thomas_Lennon
Laurie Metcalf,https://en.wikipedia.org/wiki/Laurie_Metcalf
Michael Wolff,https://en.wikipedia.org/wiki/Michael_Wolff_(journalist)
Carly Fleischmann,None
John Lithgow,https://en.wikipedia.org/wiki/John_Lithgow
Chuck Schumer,https://en.wikipedia.org/wiki/Chuck_Schumer
Jon Bon Jovi,https://en.wikipedia.org/wiki/Jon_Bon_Jovi
Daniel Kaluuya,https://en.wikipedia.org/wiki/Daniel_Kaluuya
Ben Sinclair,None
Ricky Gervais,https://en.wikipedia.org/wiki/Ricky_Gervais
Matt Czuchry,https://en.wikipedia.org/wiki/Matt_Czuchry
Sharon Stone,https://en.wikipedia.org/wiki/Sharon_Stone
Rob Riggle,https://en.wikipedia.org/wiki/Rob_Riggle
J. K. Simmons,https://en.wikipedia.org/wiki/J._K._Simmons
Pete Holmes,https://en.wikipedia.org/wiki/Pete_Holmes
James Corden,https://en.wikipedia.org/wiki/James_Corden
Ann Curry,https://en.wikipedia.org/wiki/Ann_Curry
John Dickerson,https://en.wikipedia.org/wiki/John_Dickerson_(journalist)
Eugene Levy,https://en.wikipedia.org/wiki/Eugene_Levy
Willem Dafoe,https://en.wikipedia.org/wiki/Willem_Dafoe
RuPaul,https://en.wikipedia.org/wiki/RuPaul
Roy Wood Jr.,https://en.wikipedia.org/wiki/Roy_Wood_Jr.
Gwyneth Paltrow,https://en.wikipedia.org/wiki/Gwyneth_Paltrow
Ben McKenzie,https://en.wikipedia.org/wiki/Ben_McKenzie
Kyle MacLachlan,https://en.wikipedia.org/wiki/Kyle_MacLachlan
Deon Cole,https://en.wikipedia.org/wiki/Deon_Cole
Julie Chen,https://en.wikipedia.org/wiki/Julie_Chen
Joel Kinnaman,https://en.wikipedia.org/wiki/Joel_Kinnaman
Jon Favreau,https://en.wikipedia.org/wiki/Jon_Favreau_(speechwriter)
Jon Lovett,https://en.wikipedia.org/wiki/Jon_Lovett
Tommy Vietor,https://en.wikipedia.org/wiki/Tommy_Vietor
Jessica Williams,https://en.wikipedia.org/wiki/Jessica_Williams_(actress)
Phoebe Robinson,https://en.wikipedia.org/wiki/Phoebe_Robinson
Rose McGowan,https://en.wikipedia.org/wiki/Rose_McGowan
Rand Paul,https://en.wikipedia.org/wiki/Rand_Paul
Michael Shannon,https://en.wikipedia.org/wiki/Michael_Shannon
Meghan McCain,https://en.wikipedia.org/wiki/Meghan_McCain
Uma Thurman,https://en.wikipedia.org/wiki/Uma_Thurman
Michael Shannon,https://en.wikipedia.org/wiki/Michael_Shannon
Claire Danes,https://en.wikipedia.org/wiki/Claire_Danes
Bernadette Peters,https://en.wikipedia.org/wiki/Bernadette_Peters
Wanda Sykes,https://en.wikipedia.org/wiki/Wanda_Sykes
Thomas Haden Church,https://en.wikipedia.org/wiki/Thomas_Haden_Church
June Diane Raphael,https://en.wikipedia.org/wiki/June_Diane_Raphael
John Oliver,https://en.wikipedia.org/wiki/John_Oliver
Beanie Feldstein,https://en.wikipedia.org/wiki/Beanie_Feldstein
Joel McHale,https://en.wikipedia.org/wiki/Joel_McHale
Yara Shahidi,https://en.wikipedia.org/wiki/Yara_Shahidi
John Oliver,https://en.wikipedia.org/wiki/John_Oliver
Nathan Lane,https://en.wikipedia.org/wiki/Nathan_Lane
Senator Kirsten Gillibrand,https://en.wikipedia.org/wiki/Kirsten_Gillibrand
Chris Gethard,https://en.wikipedia.org/wiki/Chris_Gethard
Sam Rockwell,https://en.wikipedia.org/wiki/Sam_Rockwell
J. J. Abrams,https://en.wikipedia.org/wiki/J._J._Abrams
Christine Baranski,https://en.wikipedia.org/wiki/Christine_Baranski
Constance Zimmer,https://en.wikipedia.org/wiki/Constance_Zimmer
Jennifer Lawrence,https://en.wikipedia.org/wiki/Jennifer_Lawrence
Patton Oswalt,https://en.wikipedia.org/wiki/Patton_Oswalt
Kiefer Sutherland,https://en.wikipedia.org/wiki/Kiefer_Sutherland
Zoe Lister-Jones,https://en.wikipedia.org/wiki/Zoe_Lister-Jones
John McWhorter,https://en.wikipedia.org/wiki/John_McWhorter
Donald Glover,https://en.wikipedia.org/wiki/Donald_Glover
Omarosa Manigault,https://en.wikipedia.org/wiki/Omarosa_Manigault
Jeff Daniels,https://en.wikipedia.org/wiki/Jeff_Daniels
Krysten Ritter,https://en.wikipedia.org/wiki/Krysten_Ritter
Steve Buscemi,https://en.wikipedia.org/wiki/Steve_Buscemi
Sebastian Maniscalco,https://en.wikipedia.org/wiki/Sebastian_Maniscalco
David Oyelowo,https://en.wikipedia.org/wiki/David_Oyelowo
Chelsea Clinton,https://en.wikipedia.org/wiki/Chelsea_Clinton
Martha Stewart,https://en.wikipedia.org/wiki/Martha_Stewart
Oprah Winfrey,https://en.wikipedia.org/wiki/Oprah_Winfrey
Justin Hartley,https://en.wikipedia.org/wiki/Justin_Hartley
Reese Witherspoon,https://en.wikipedia.org/wiki/Reese_Witherspoon
Adam Rippon,https://en.wikipedia.org/wiki/Adam_Rippon
Mindy Kaling,https://en.wikipedia.org/wiki/Mindy_Kaling
Chris Hayes,https://en.wikipedia.org/wiki/Chris_Hayes
Helen Mirren,https://en.wikipedia.org/wiki/Helen_Mirren
David Byrne,https://en.wikipedia.org/wiki/David_Byrne
Tom Brady,https://en.wikipedia.org/wiki/Tom_Brady
Angela Bassett,https://en.wikipedia.org/wiki/Angela_Bassett
Jimmy O. Yang,https://en.wikipedia.org/wiki/Jimmy_O._Yang
Paul Giamatti,https://en.wikipedia.org/wiki/Paul_Giamatti
Sean Bean,https://en.wikipedia.org/wiki/Sean_Bean
Drew Barrymore,https://en.wikipedia.org/wiki/Drew_Barrymore
Adam DeVine,https://en.wikipedia.org/wiki/Adam_DeVine
Hilary Swank,https://en.wikipedia.org/wiki/Hilary_Swank
Thomas Middleditch,https://en.wikipedia.org/wiki/Thomas_Middleditch
Keri Russell,https://en.wikipedia.org/wiki/Keri_Russell
Matthew Rhys,https://en.wikipedia.org/wiki/Matthew_Rhys
Mindy Kaling,https://en.wikipedia.org/wiki/Mindy_Kaling
Sean Penn,https://en.wikipedia.org/wiki/Sean_Penn
Sara Gilbert,https://en.wikipedia.org/wiki/Sara_Gilbert
Samantha Bee,https://en.wikipedia.org/wiki/Samantha_Bee
Leslie Odom Jr.,https://en.wikipedia.org/wiki/Leslie_Odom_Jr.
Tom Segura,https://en.wikipedia.org/wiki/Tom_Segura
Dana Carvey,https://en.wikipedia.org/wiki/Dana_Carvey
Simon Pegg,https://en.wikipedia.org/wiki/Simon_Pegg
Emily Blunt,https://en.wikipedia.org/wiki/Emily_Blunt
John Heilemann,https://en.wikipedia.org/wiki/John_Heilemann
Alex Wagner,https://en.wikipedia.org/wiki/Alex_Wagner
Bryan Cranston,https://en.wikipedia.org/wiki/Bryan_Cranston
Jimmy Carter,https://en.wikipedia.org/wiki/Jimmy_Carter
Amy Schumer,https://en.wikipedia.org/wiki/Amy_Schumer
Madeleine Albright,https://en.wikipedia.org/wiki/Madeleine_Albright
James Spader,https://en.wikipedia.org/wiki/James_Spader
Katie Couric,https://en.wikipedia.org/wiki/Katie_Couric
Louie Anderson,https://en.wikipedia.org/wiki/Louie_Anderson
Martin Short,https://en.wikipedia.org/wiki/Martin_Short
Aisha Tyler,https://en.wikipedia.org/wiki/Aisha_Tyler
Diane Sawyer,https://en.wikipedia.org/wiki/Diane_Sawyer
Joshua Jackson,https://en.wikipedia.org/wiki/Joshua_Jackson
Aubrey Plaza,https://en.wikipedia.org/wiki/Aubrey_Plaza
John Dickerson,https://en.wikipedia.org/wiki/John_Dickerson_(journalist)
Charlamagne tha God,https://en.wikipedia.org/wiki/Charlamagne_tha_God
Nell Scovell,https://en.wikipedia.org/wiki/Nell_Scovell
James Comey,https://en.wikipedia.org/wiki/James_Comey
Cynthia Nixon,https://en.wikipedia.org/wiki/Cynthia_Nixon
Alan Cumming,https://en.wikipedia.org/wiki/Alan_Cumming
Antonio Banderas,https://en.wikipedia.org/wiki/Antonio_Banderas
Kamala Harris,https://en.wikipedia.org/wiki/Kamala_Harris
James Marsden,https://en.wikipedia.org/wiki/James_Marsden
Coyote Peterson,https://en.wikipedia.org/wiki/Coyote_Peterson
Jeffrey Wright,https://en.wikipedia.org/wiki/Jeffrey_Wright
Ali Wentworth,https://en.wikipedia.org/wiki/Ali_Wentworth
Hank Azaria,https://en.wikipedia.org/wiki/Hank_Azaria
Ronan Farrow,https://en.wikipedia.org/wiki/Ronan_Farrow
Lucy Liu,https://en.wikipedia.org/wiki/Lucy_Liu
Henry Winkler,https://en.wikipedia.org/wiki/Henry_Winkler
Rachel Weisz,https://en.wikipedia.org/wiki/Rachel_Weisz
Ann Dowd,https://en.wikipedia.org/wiki/Ann_Dowd
Mandy Patinkin,https://en.wikipedia.org/wiki/Mandy_Patinkin
H. Jon Benjamin,https://en.wikipedia.org/wiki/H._Jon_Benjamin
David Duchovny,https://en.wikipedia.org/wiki/David_Duchovny
Margaret Brennan,https://en.wikipedia.org/wiki/Margaret_Brennan
Robert Smigel,https://en.wikipedia.org/wiki/Robert_Smigel
Helen Hunt,https://en.wikipedia.org/wiki/Helen_Hunt
Kevin Smith,https://en.wikipedia.org/wiki/Kevin_Smith
Jim Gaffigan,https://en.wikipedia.org/wiki/Jim_Gaffigan
Michael Avenatti,https://en.wikipedia.org/wiki/Michael_Avenatti
David Chang,https://en.wikipedia.org/wiki/David_Chang
Charlize Theron,https://en.wikipedia.org/wiki/Charlize_Theron
Ron Howard,https://en.wikipedia.org/wiki/Ron_Howard
Chris O'Donnell,https://en.wikipedia.org/wiki/Chris_O%27Donnell
Jack White,https://en.wikipedia.org/wiki/Jack_White
Jim Parsons,https://en.wikipedia.org/wiki/Jim_Parsons
Alexis Ohanian,https://en.wikipedia.org/wiki/Alexis_Ohanian
Michael B. Jordan,https://en.wikipedia.org/wiki/Michael_B._Jordan
Matt Walsh,https://en.wikipedia.org/wiki/Matt_Walsh_(comedian)
Gayle King,https://en.wikipedia.org/wiki/Gayle_King
Anna Wintour,https://en.wikipedia.org/wiki/Anna_Wintour
Annette Bening,https://en.wikipedia.org/wiki/Annette_Bening
Wyatt Cenac,https://en.wikipedia.org/wiki/Wyatt_Cenac
Melissa McCarthy,https://en.wikipedia.org/wiki/Melissa_McCarthy
Mayim Bialik,https://en.wikipedia.org/wiki/Mayim_Bialik
Anthony Anderson,https://en.wikipedia.org/wiki/Anthony_Anderson
Glenda Jackson,https://en.wikipedia.org/wiki/Glenda_Jackson
Michael Pollan,https://en.wikipedia.org/wiki/Michael_Pollan
Jamie Foxx,https://en.wikipedia.org/wiki/Jamie_Foxx
Chadwick Boseman,https://en.wikipedia.org/wiki/Chadwick_Boseman
Jake Tapper,https://en.wikipedia.org/wiki/Jake_Tapper
Benedict Cumberbatch,https://en.wikipedia.org/wiki/Benedict_Cumberbatch
Zachary Quinto,https://en.wikipedia.org/wiki/Zachary_Quinto
Vanessa Bayer,https://en.wikipedia.org/wiki/Vanessa_Bayer
Dean Baquet,https://en.wikipedia.org/wiki/Dean_Baquet
Andrew Garfield,https://en.wikipedia.org/wiki/Andrew_Garfield
David Cross,https://en.wikipedia.org/wiki/David_Cross
Jason Bateman,https://en.wikipedia.org/wiki/Jason_Bateman
Stephen King,https://en.wikipedia.org/wiki/Stephen_King
Anne Hathaway,https://en.wikipedia.org/wiki/Anne_Hathaway
David Sedaris,https://en.wikipedia.org/wiki/David_Sedaris
Ethan Hawke,https://en.wikipedia.org/wiki/Ethan_Hawke
Toni Collette,https://en.wikipedia.org/wiki/Toni_Collette
Bill Clinton,https://en.wikipedia.org/wiki/Bill_Clinton
James Patterson,https://en.wikipedia.org/wiki/James_Patterson
Tig Notaro,https://en.wikipedia.org/wiki/Tig_Notaro
Mandy Moore,https://en.wikipedia.org/wiki/Mandy_Moore
Sara Bareilles,https://en.wikipedia.org/wiki/Sara_Bareilles
Josh Groban,https://en.wikipedia.org/wiki/Josh_Groban
Nick Offerman,https://en.wikipedia.org/wiki/Nick_Offerman
Niecy Nash,https://en.wikipedia.org/wiki/Niecy_Nash
Jeff Glor,https://en.wikipedia.org/wiki/Jeff_Glor
David Koechner,https://en.wikipedia.org/wiki/David_Koechner
Chris Matthews,https://en.wikipedia.org/wiki/Chris_Matthews
Alicia Silverstone,https://en.wikipedia.org/wiki/Alicia_Silverstone
Ed Helms,https://en.wikipedia.org/wiki/Ed_Helms
Michael K. Williams,https://en.wikipedia.org/wiki/Michael_K._Williams
Tom Papa,https://en.wikipedia.org/wiki/Tom_Papa
Anthony Scaramucci,https://en.wikipedia.org/wiki/Anthony_Scaramucci
Michael Avenatti,https://en.wikipedia.org/wiki/Michael_Avenatti
Natalie Portman,https://en.wikipedia.org/wiki/Natalie_Portman
Marc Maron,https://en.wikipedia.org/wiki/Marc_Maron
Thandie Newton,https://en.wikipedia.org/wiki/Thandie_Newton
Betty Gilpin,https://en.wikipedia.org/wiki/Betty_Gilpin
Benicio del Toro,https://en.wikipedia.org/wiki/Benicio_del_Toro
Alison Brie,https://en.wikipedia.org/wiki/Alison_Brie
Robin Thede,https://en.wikipedia.org/wiki/Robin_Thede
Josh Brolin,https://en.wikipedia.org/wiki/Josh_Brolin
Ruth Negga,https://en.wikipedia.org/wiki/Ruth_Negga
Trevor Noah,https://en.wikipedia.org/wiki/Trevor_Noah
Liza Koshy,https://en.wikipedia.org/wiki/Liza_Koshy
Don Lemon,https://en.wikipedia.org/wiki/Don_Lemon
Mike Colter,https://en.wikipedia.org/wiki/Mike_Colter
Seth Rogen,https://en.wikipedia.org/wiki/Seth_Rogen
Jessica Chastain,https://en.wikipedia.org/wiki/Jessica_Chastain
Romesh Ranganathan,https://en.wikipedia.org/wiki/Romesh_Ranganathan
Scott Rogowsky,https://en.wikipedia.org/wiki/Scott_Rogowsky
Hugh Grant,https://en.wikipedia.org/wiki/Hugh_Grant
Margaret Hoover,https://en.wikipedia.org/wiki/Margaret_Hoover
Paul Rudd,https://en.wikipedia.org/wiki/Paul_Rudd
Ken Jeong,https://en.wikipedia.org/wiki/Ken_Jeong
Michael Moore,https://en.wikipedia.org/wiki/Michael_Moore
Eric Andre,https://en.wikipedia.org/wiki/Eric_Andre
Derrick Beckles,https://en.wikipedia.org/wiki/Derrick_Beckles
Alexandria Ocasio-Cortez,https://en.wikipedia.org/wiki/Alexandria_Ocasio-Cortez
Gordon Ramsay,https://en.wikipedia.org/wiki/Gordon_Ramsay
Andrew Rannells,https://en.wikipedia.org/wiki/Andrew_Rannells
Will Arnett,https://en.wikipedia.org/wiki/Will_Arnett
Neve Campbell,https://en.wikipedia.org/wiki/Neve_Campbell
Dwayne Johnson,https://en.wikipedia.org/wiki/Dwayne_Johnson
Lawrence O'Donnell,https://en.wikipedia.org/wiki/Lawrence_O%27Donnell
Liv Tyler,https://en.wikipedia.org/wiki/Liv_Tyler
Carey Mulligan,https://en.wikipedia.org/wiki/Carey_Mulligan
Armie Hammer,https://en.wikipedia.org/wiki/Armie_Hammer
Colleen Ballinger,https://en.wikipedia.org/wiki/Colleen_Ballinger
Paula Poundstone,https://en.wikipedia.org/wiki/Paula_Poundstone
Chrissy Metz,https://en.wikipedia.org/wiki/Chrissy_Metz
Lewis Black,https://en.wikipedia.org/wiki/Lewis_Black
Anderson Cooper,https://en.wikipedia.org/wiki/Anderson_Cooper
Andy Cohen,https://en.wikipedia.org/wiki/Andy_Cohen_(TV_personality)
Dominic Cooper,https://en.wikipedia.org/wiki/Dominic_Cooper
Denzel Washington,https://en.wikipedia.org/wiki/Denzel_Washington
Joe Kennedy III,https://en.wikipedia.org/wiki/Joe_Kennedy_III
Janelle Monáe,https://en.wikipedia.org/wiki/Janelle_Mon%C3%A1e
Eric Holder,https://en.wikipedia.org/wiki/Eric_Holder
John Cleese,https://en.wikipedia.org/wiki/John_Cleese
Michael McFaul,https://en.wikipedia.org/wiki/Michael_McFaul
Tatiana Maslany,https://en.wikipedia.org/wiki/Tatiana_Maslany
Brian Huskey,https://en.wikipedia.org/wiki/Brian_Huskey
John Dickerson,https://en.wikipedia.org/wiki/John_Dickerson_(journalist)
Michaela Watkins,https://en.wikipedia.org/wiki/Michaela_Watkins
Jake Tapper,https://en.wikipedia.org/wiki/Jake_Tapper
Michael Peña,https://en.wikipedia.org/wiki/Michael_Pe%C3%B1a
Laura Linney,https://en.wikipedia.org/wiki/Laura_Linney
Judd Apatow,https://en.wikipedia.org/wiki/Judd_Apatow
Jace Norman,https://en.wikipedia.org/wiki/Jace_Norman
Paul Giamatti,https://en.wikipedia.org/wiki/Paul_Giamatti
Ronda Rousey,https://en.wikipedia.org/wiki/Ronda_Rousey
Paul Mecurio,https://en.wikipedia.org/wiki/Paul_Mecurio
Ewan McGregor,https://en.wikipedia.org/wiki/Ewan_McGregor
Adam Pally,https://en.wikipedia.org/wiki/Adam_Pally
Chloë Grace Moretz,https://en.wikipedia.org/wiki/Chlo%C3%AB_Grace_Moretz
Bobcat Goldthwait,https://en.wikipedia.org/wiki/Bobcat_Goldthwait
Rob Reiner,https://en.wikipedia.org/wiki/Rob_Reiner
Chris Hayes,https://en.wikipedia.org/wiki/Chris_Hayes
Rob Corddry,https://en.wikipedia.org/wiki/Rob_Corddry
Joe Manganiello,https://en.wikipedia.org/wiki/Joe_Manganiello
Senator Cory Booker,https://en.wikipedia.org/wiki/Cory_Booker
Jim Acosta,https://en.wikipedia.org/wiki/Jim_Acosta
Nina Dobrev,https://en.wikipedia.org/wiki/Nina_Dobrev
Issa Rae,https://en.wikipedia.org/wiki/Issa_Rae
Darren Criss,https://en.wikipedia.org/wiki/Darren_Criss
Ronny Chieng,https://en.wikipedia.org/wiki/Ronny_Chieng
Nicki Minaj,https://en.wikipedia.org/wiki/Nicki_Minaj
Guy Pearce,https://en.wikipedia.org/wiki/Guy_Pearce
Mark Wahlberg,https://en.wikipedia.org/wiki/Mark_Wahlberg
Bernie Sanders,https://en.wikipedia.org/wiki/Bernie_Sanders
Jessica Biel,https://en.wikipedia.org/wiki/Jessica_Biel
W. Kamau Bell,https://en.wikipedia.org/wiki/W._Kamau_Bell
Tommy Vietor,https://en.wikipedia.org/wiki/Tommy_Vietor
Jon Favreau,https://en.wikipedia.org/wiki/Jon_Favreau_(speechwriter)
Jon Lovett,https://en.wikipedia.org/wiki/Jon_Lovett
Constance Wu,https://en.wikipedia.org/wiki/Constance_Wu
John Krasinski,https://en.wikipedia.org/wiki/John_Krasinski
Yvonne Orji,https://en.wikipedia.org/wiki/Yvonne_Orji
Rob Lowe,https://en.wikipedia.org/wiki/Rob_Lowe
John Kerry,https://en.wikipedia.org/wiki/John_Kerry
Emma Thompson,https://en.wikipedia.org/wiki/Emma_Thompson
Troye Sivan,https://en.wikipedia.org/wiki/Troye_Sivan
Sharon Osbourne,https://en.wikipedia.org/wiki/Sharon_Osbourne
Bob Woodward,https://en.wikipedia.org/wiki/Bob_Woodward
Neil deGrasse Tyson,https://en.wikipedia.org/wiki/Neil_deGrasse_Tyson
Michael Rapaport,https://en.wikipedia.org/wiki/Michael_Rapaport
Keira Knightley,https://en.wikipedia.org/wiki/Keira_Knightley
Beto O'Rourke,https://en.wikipedia.org/wiki/Beto_O%27Rourke
Martha Stewart,https://en.wikipedia.org/wiki/Martha_Stewart
John Heilemann,https://en.wikipedia.org/wiki/John_Heilemann
Alex Wagner,https://en.wikipedia.org/wiki/Alex_Wagner
Judy Greer,https://en.wikipedia.org/wiki/Judy_Greer
Anna Kendrick,https://en.wikipedia.org/wiki/Anna_Kendrick
Jane Fonda,https://en.wikipedia.org/wiki/Jane_Fonda
Willie Nelson,https://en.wikipedia.org/wiki/Willie_Nelson
Tiffany Haddish,https://en.wikipedia.org/wiki/Tiffany_Haddish
Iain Armitage,https://en.wikipedia.org/wiki/Iain_Armitage
Hillary Clinton,https://en.wikipedia.org/wiki/Hillary_Clinton
Emma Stone,https://en.wikipedia.org/wiki/Emma_Stone
Bret McKenzie,https://en.wikipedia.org/wiki/Bret_McKenzie
Jemaine Clement,https://en.wikipedia.org/wiki/Jemaine_Clement
America Ferrera,https://en.wikipedia.org/wiki/America_Ferrera
Nas,https://en.wikipedia.org/wiki/Nas
Candice Bergen,https://en.wikipedia.org/wiki/Candice_Bergen
Jacinda Ardern,https://en.wikipedia.org/wiki/Jacinda_Ardern
Jeff Bridges,https://en.wikipedia.org/wiki/Jeff_Bridges
Cedric the Entertainer,https://en.wikipedia.org/wiki/Cedric_the_Entertainer
Kristen Bell,https://en.wikipedia.org/wiki/Kristen_Bell
Mark Leibovich,https://en.wikipedia.org/wiki/Mark_Leibovich
Jake Tapper,https://en.wikipedia.org/wiki/Jake_Tapper
Eric Idle,https://en.wikipedia.org/wiki/Eric_Idle
Eva Longoria,https://en.wikipedia.org/wiki/Eva_Longoria
Damon Wayans Jr.,https://en.wikipedia.org/wiki/Damon_Wayans_Jr.
Steve Kornacki,https://en.wikipedia.org/wiki/Steve_Kornacki
Nick Kroll,https://en.wikipedia.org/wiki/Nick_Kroll
Jodie Whittaker,https://en.wikipedia.org/wiki/Jodie_Whittaker
Lady Gaga,https://en.wikipedia.org/wiki/Lady_Gaga
Ellie Kemper,https://en.wikipedia.org/wiki/Ellie_Kemper
Sam Elliott,https://en.wikipedia.org/wiki/Sam_Elliott
Melissa McCarthy,https://en.wikipedia.org/wiki/Melissa_McCarthy
Phoebe Robinson,https://en.wikipedia.org/wiki/Phoebe_Robinson
Lin-Manuel Miranda,https://en.wikipedia.org/wiki/Lin-Manuel_Miranda
Brooke Baldwin,https://en.wikipedia.org/wiki/Brooke_Baldwin
Peter Dinklage,https://en.wikipedia.org/wiki/Peter_Dinklage
Busy Philipps,https://en.wikipedia.org/wiki/Busy_Philipps
Joe Scarborough,https://en.wikipedia.org/wiki/Joe_Scarborough
Mika Brzezinski,https://en.wikipedia.org/wiki/Mika_Brzezinski
Laura Benanti,https://en.wikipedia.org/wiki/Laura_Benanti
Robin Wright,https://en.wikipedia.org/wiki/Robin_Wright
Melissa McCarthy,https://en.wikipedia.org/wiki/Melissa_McCarthy
Sarah Silverman,https://en.wikipedia.org/wiki/Sarah_Silverman
Scott Bakula,https://en.wikipedia.org/wiki/Scott_Bakula
Jon Favreau,https://en.wikipedia.org/wiki/Jon_Favreau_(speechwriter)
Jon Lovett,https://en.wikipedia.org/wiki/Jon_Lovett
Tommy Vietor,https://en.wikipedia.org/wiki/Tommy_Vietor
Charlamagne tha God,https://en.wikipedia.org/wiki/Charlamagne_tha_God
Gerard Butler,https://en.wikipedia.org/wiki/Gerard_Butler
Rowan Atkinson,https://en.wikipedia.org/wiki/Rowan_Atkinson
Ina Garten,https://en.wikipedia.org/wiki/Ina_Garten
Gayle King,https://en.wikipedia.org/wiki/Gayle_King
Dr. Phil,https://en.wikipedia.org/wiki/Phil_McGraw
Kayli Carter,https://en.wikipedia.org/wiki/Kayli_Carter
Kerry Washington,https://en.wikipedia.org/wiki/Kerry_Washington
Taylor Mac,https://en.wikipedia.org/wiki/Taylor_Mac
Sarah Jessica Parker,https://en.wikipedia.org/wiki/Sarah_Jessica_Parker
Nancy Pelosi,https://en.wikipedia.org/wiki/Nancy_Pelosi
Mike Myers,https://en.wikipedia.org/wiki/Mike_Myers
Christiane Amanpour,https://en.wikipedia.org/wiki/Christiane_Amanpour
Chris Wallace,https://en.wikipedia.org/wiki/Chris_Wallace
Cole Sprouse,https://en.wikipedia.org/wiki/Cole_Sprouse
Billy Eichner,https://en.wikipedia.org/wiki/Billy_Eichner