,guest_name,wiki_link
0,George Clooney,https://en.wikipedia.org/wiki/George_Clooney
1,Governor Jeb Bush,https://en.wikipedia.org/wiki/Jeb_Bush
2,Scarlett Johansson,https://en.wikipedia.org/wiki/Scarlett_Johansson
3,Elon Musk,https://en.wikipedia.org/wiki/Elon_Musk
4,Vice President Joe Biden,https://en.wikipedia.org/wiki/Joe_Biden
5,Travis Kalanick,https://en.wikipedia.org/wiki/Travis_Kalanick
6,Amy Schumer,https://en.wikipedia.org/wiki/Amy_Schumer
7,Stephen King,https://en.wikipedia.org/wiki/Stephen_King
8,Emily Blunt,https://en.wikipedia.org/wiki/Emily_Blunt
9,Justice Stephen Breyer,https://en.wikipedia.org/wiki/Stephen_Breyer
10,Jake Gyllenhaal,https://en.wikipedia.org/wiki/Jake_Gyllenhaal
11,Tim Cook,https://en.wikipedia.org/wiki/Tim_Cook
12,Kevin Spacey,https://en.wikipedia.org/wiki/Kevin_Spacey
13,Carol Burnett,https://en.wikipedia.org/wiki/Carol_Burnett
14,Trevor Noah,https://en.wikipedia.org/wiki/Trevor_Noah
15,Secretary-General Ban Ki-moon,https://en.wikipedia.org/wiki/Secretary-General_of_the_United_Nations
16,Lupita Nyong'o,https://en.wikipedia.org/wiki/Lupita_Nyong%27o
17,Senator Bernie Sanders,https://en.wikipedia.org/wiki/Bernie_Sanders
18,Christopher Wheeldon,https://en.wikipedia.org/wiki/Christopher_Wheeldon
19,Stephen Curry,https://en.wikipedia.org/wiki/Stephen_Curry
20,Senator Ted Cruz,https://en.wikipedia.org/wiki/Ted_Cruz
21,Donald Trump,https://en.wikipedia.org/wiki/Donald_Trump
22,Dr. Ernest Moniz,https://en.wikipedia.org/wiki/Ernest_Moniz
23,Hugh Jackman with Hugh Evans,https://en.wikipedia.org/wiki/Hugh_Jackman
24,Senator Elizabeth Warren,https://en.wikipedia.org/wiki/Elizabeth_Warren
25,Jim Gaffigan,https://en.wikipedia.org/wiki/Jim_Gaffigan
26,Maria Shriver,https://en.wikipedia.org/wiki/Maria_Shriver
27,Andrew Sullivan,https://en.wikipedia.org/wiki/Andrew_Sullivan
28,Archbishop Thomas Wenski,https://en.wikipedia.org/wiki/Thomas_Wenski
29,Malala Yousafzai,https://en.wikipedia.org/wiki/Malala_Yousafzai
30,Kerry Washington,https://en.wikipedia.org/wiki/Kerry_Washington
31,First Lady Michelle Obama,https://en.wikipedia.org/wiki/Michelle_Obama
32,John Legend,https://en.wikipedia.org/wiki/John_Legend
33,Ellen Page,https://en.wikipedia.org/wiki/Ellen_Page
34,Jesse Eisenberg,https://en.wikipedia.org/wiki/Jesse_Eisenberg
35,John Oliver,https://en.wikipedia.org/wiki/John_Oliver_(comedian)
36,Evan Spiegel,https://en.wikipedia.org/wiki/Evan_Spiegel
37,Bill Withers,https://en.wikipedia.org/wiki/Bill_Withers
38,Ed Sheeran,https://en.wikipedia.org/wiki/Ed_Sheeran
39,Secretary of State John Kerry,https://en.wikipedia.org/wiki/John_Kerry
40,Claire Danes,https://en.wikipedia.org/wiki/Claire_Danes
41,PewDiePie,https://en.wikipedia.org/wiki/PewDiePie
42,Morgan Freeman,https://en.wikipedia.org/wiki/Morgan_Freeman
43,Ruth Wilson,https://en.wikipedia.org/wiki/Ruth_Wilson
44,Senator John McCain,https://en.wikipedia.org/wiki/John_McCain
45,Misty Copeland,https://en.wikipedia.org/wiki/Misty_Copeland
46,Bill Clinton,https://en.wikipedia.org/wiki/Bill_Clinton
47,Billy Eichner,https://en.wikipedia.org/wiki/Billy_Eichner
48,Gina Rodriguez,https://en.wikipedia.org/wiki/Gina_Rodriguez_(actress)
49,Ben Bernanke,https://en.wikipedia.org/wiki/Ben_Bernanke
50,Cate Blanchett,https://en.wikipedia.org/wiki/Cate_Blanchett
51,Brian Chesky,https://en.wikipedia.org/wiki/Brian_Chesky
52,James Corden,https://en.wikipedia.org/wiki/James_Corden
53,Shane Smith,https://en.wikipedia.org/wiki/Shane_Smith_(journalist)
54,Carey Mulligan,https://en.wikipedia.org/wiki/Carey_Mulligan
55,Elvis Costello,https://en.wikipedia.org/wiki/Elvis_Costello
56,Sarah Silverman,https://en.wikipedia.org/wiki/Sarah_Silverman
57,Elijah Wood,https://en.wikipedia.org/wiki/Elijah_Wood
58,Jack Black,https://en.wikipedia.org/wiki/Jack_Black
59,Nick Woodman,https://en.wikipedia.org/wiki/Nick_Woodman
60,Oprah Winfrey,https://en.wikipedia.org/wiki/Oprah_Winfrey
61,Joseph Fink,https://en.wikipedia.orgNone
62,Jeffrey Cranor,https://en.wikipedia.org/wiki/Bryan_Cranston
63,Jimmy Kimmel,https://en.wikipedia.org/wiki/Jimmy_Kimmel
64,Guillermo del Toro,https://en.wikipedia.org/wiki/Guillermo_del_Toro
65,Jessica Chastain,https://en.wikipedia.org/wiki/Jessica_Chastain
66,Tom Hiddleston,https://en.wikipedia.org/wiki/Tom_Hiddleston
67,Mia Wasikowska,https://en.wikipedia.org/wiki/Mia_Wasikowska
68,Sienna Miller,https://en.wikipedia.org/wiki/Sienna_Miller
69,Melissa Benoist,https://en.wikipedia.org/wiki/Melissa_Benoist
70,Hillary Clinton,https://en.wikipedia.org/wiki/Hillary_Clinton
71,Anthony Bourdain,https://en.wikipedia.org/wiki/Anthony_Bourdain
72,Carrie Brownstein,https://en.wikipedia.org/wiki/Carrie_Brownstein
73,Julianna Margulies,https://en.wikipedia.org/wiki/Julianna_Margulies
74,Jonathan Franzen,https://en.wikipedia.org/wiki/Jonathan_Franzen
75,Seth MacFarlane,https://en.wikipedia.org/wiki/Seth_MacFarlane
76,Neil deGrasse Tyson,https://en.wikipedia.org/wiki/Neil_deGrasse_Tyson
77,Charlie Rose,https://en.wikipedia.org/wiki/Charlie_Rose
78,Stacy Schiff,https://en.wikipedia.org/wiki/Stacy_Schiff
79,Allison Janney,https://en.wikipedia.org/wiki/Allison_Janney
80,Colin Quinn,https://en.wikipedia.org/wiki/Colin_Quinn
81,Antonio Banderas,https://en.wikipedia.org/wiki/Antonio_Banderas
82,Reed Hastings,https://en.wikipedia.org/wiki/Reed_Hastings
83,John Irving,https://en.wikipedia.org/wiki/John_Irving
84,Daniel Craig,https://en.wikipedia.org/wiki/Daniel_Craig
85,Elizabeth Gilbert,https://en.wikipedia.org/wiki/Elizabeth_Gilbert
86,Dr. Eugenia Cheng,https://en.wikipedia.org/wiki/Eugenia_Cheng
87,Bryan Cranston,https://en.wikipedia.org/wiki/Bryan_Cranston
88,Whoopi Goldberg,https://en.wikipedia.org/wiki/Whoopi_Goldberg
89,Governor John Kasich,https://en.wikipedia.org/wiki/John_Kasich
90,Ethan Hawke,https://en.wikipedia.org/wiki/Ethan_Hawke
91,Senator Claire McCaskill,https://en.wikipedia.org/wiki/Claire_McCaskill
92,Senator Amy Klobuchar,https://en.wikipedia.org/wiki/Amy_Klobuchar
93,Aziz Ansari,https://en.wikipedia.org/wiki/Aziz_Ansari
94,Shonda Rhimes,https://en.wikipedia.org/wiki/Shonda_Rhimes
95,Bruce Campbell,https://en.wikipedia.org/wiki/Bruce_Campbell
96,Lucy Lawless,https://en.wikipedia.org/wiki/Lucy_Lawless
97,Viola Davis,https://en.wikipedia.org/wiki/Viola_Davis
98,Brian Greene,https://en.wikipedia.org/wiki/Brian_Greene
99,Jennifer Connelly,https://en.wikipedia.org/wiki/Jennifer_Connelly
100,Judd Apatow,https://en.wikipedia.org/wiki/Judd_Apatow
101,Mark Ruffalo,https://en.wikipedia.org/wiki/Mark_Ruffalo
102,John Cleese,https://en.wikipedia.org/wiki/John_Cleese
103,Jack H. Jacobs,https://en.wikipedia.org/wiki/Jack_H._Jacobs
104,Bill Maher,https://en.wikipedia.org/wiki/Bill_Maher
105,Florent Groberg,https://en.wikipedia.org/wiki/Florent_Groberg
106,Shepard Fairey,https://en.wikipedia.org/wiki/Shepard_Fairey
107,Julianne Moore,https://en.wikipedia.org/wiki/Julianne_Moore
108,Burt Reynolds,https://en.wikipedia.org/wiki/Burt_Reynolds
109,Sharon Stone,https://en.wikipedia.org/wiki/Sharon_Stone
110,Justin Theroux,https://en.wikipedia.org/wiki/Justin_Theroux
111,Jane Fonda,https://en.wikipedia.org/wiki/Jane_Fonda
112,Andrew Lloyd Webber,https://en.wikipedia.org/wiki/Andrew_Lloyd_Webber
113,Michael Caine,https://en.wikipedia.org/wiki/Michael_Caine
114,Larry Wilmore,https://en.wikipedia.org/wiki/Larry_Wilmore
115,Sylvester Stallone,https://en.wikipedia.org/wiki/Sylvester_Stallone
116,Ted Koppel,https://en.wikipedia.org/wiki/Ted_Koppel
117,Spike Lee,https://en.wikipedia.org/wiki/Spike_Lee
118,Andy Cohen,https://en.wikipedia.orgNone
119,Carly Simon,https://en.wikipedia.org/wiki/Carly_Simon
120,Gloria Estefan,https://en.wikipedia.org/wiki/Gloria_Estefan
121,Eric Greitens,https://en.wikipedia.org/wiki/Eric_Greitens
122,Jake Wood,https://en.wikipedia.org/wiki/Jane_Fonda
123,Daniel Boulud,https://en.wikipedia.org/wiki/Daniel_Boulud
124,Steve Carell,https://en.wikipedia.org/wiki/Steve_Carell
125,Jennifer Hudson,https://en.wikipedia.org/wiki/Jennifer_Hudson
126,Marion Cotillard,https://en.wikipedia.org/wiki/Marion_Cotillard
127,George Saunders,https://en.wikipedia.org/wiki/George_Saunders
128,Michelle Dockery,https://en.wikipedia.org/wiki/Michelle_Dockery
129,Hugh Bonneville,https://en.wikipedia.org/wiki/Hugh_Bonneville
130,Allen Leech,https://en.wikipedia.org/wiki/Allen_Leech
131,Adam McKay,https://en.wikipedia.org/wiki/Adam_McKay
132,Bruce Willis,https://en.wikipedia.org/wiki/Bruce_Willis
133,Michael Lewis,https://en.wikipedia.org/wiki/Michael_Lewis
134,Andrew Delbanco,https://en.wikipedia.org/wiki/Andrew_Delbanco
135,Lin-Manuel Miranda,https://en.wikipedia.org/wiki/Lin-Manuel_Miranda
136,Ike Barinholtz,https://en.wikipedia.org/wiki/Ike_Barinholtz
137,Jennifer Lawrence,https://en.wikipedia.org/wiki/Jennifer_Lawrence
138,Doris Kearns Goodwin,https://en.wikipedia.org/wiki/Doris_Kearns_Goodwin
139,Quentin Tarantino,https://en.wikipedia.org/wiki/Quentin_Tarantino
140,Jonathan Groff,https://en.wikipedia.org/wiki/Jonathan_Groff
141,Robert De Niro,https://en.wikipedia.org/wiki/Robert_De_Niro
142,Daniel Gilbert,https://en.wikipedia.org/wiki/Daniel_Gilbert_(psychologist)
143,Henry Rollins,https://en.wikipedia.org/wiki/Henry_Rollins
144,Michael Moore,https://en.wikipedia.org/wiki/Michael_Moore
145,Samantha Power,https://en.wikipedia.org/wiki/Samantha_Power
146,Mandy Patinkin,https://en.wikipedia.org/wiki/Mandy_Patinkin
147,Kayvon Beykpour,https://en.wikipedia.orgNone
148,Samuel L. Jackson,https://en.wikipedia.org/wiki/Samuel_L._Jackson
149,Lisa Gross,https://en.wikipedia.orgNone
150,Olivia Hallisey,https://en.wikipedia.org/wiki/Olivia_Hallisey
151,John Krasinski,https://en.wikipedia.org/wiki/John_Krasinski
152,Killer Mike,https://en.wikipedia.org/wiki/Killer_Mike
153,George Church,https://en.wikipedia.org/wiki/George_M._Church
154,Jerry Seinfeld,https://en.wikipedia.org/wiki/Jerry_Seinfeld
155,Senator Rand Paul,https://en.wikipedia.org/wiki/Rand_Paul
156,Damian Lewis,https://en.wikipedia.org/wiki/Damian_Lewis
157,America Ferrera,https://en.wikipedia.org/wiki/America_Ferrera
158,Matthew Broderick,https://en.wikipedia.org/wiki/Matthew_Broderick
159,Sarah Parcak,https://en.wikipedia.org/wiki/Sarah_Parcak
160,Jane Lynch,https://en.wikipedia.org/wiki/Jane_Lynch
161,Julian Castro,https://en.wikipedia.org/wiki/Julian_Castro
162,Saoirse Ronan,https://en.wikipedia.org/wiki/Saoirse_Ronan
163,Jeremy Stoppelman,https://en.wikipedia.org/wiki/Jeremy_Stoppelman
164,Laura Ricciardi,https://en.wikipedia.org/wiki/Laura_Ricciardi
165,Moira Demos,https://en.wikipedia.org/wiki/Moira_Demos
166,Paul Giamatti,https://en.wikipedia.org/wiki/Paul_Giamatti
167,Guerrilla Girls,https://en.wikipedia.org/wiki/Guerrilla_Girls
168,Olivia Munn,https://en.wikipedia.org/wiki/Olivia_Munn
169,T. J. Miller,https://en.wikipedia.org/wiki/T._J._Miller
170,Scott Kelly,https://en.wikipedia.org/wiki/Scott_Kelly_(astronaut)
171,Abby Wambach,https://en.wikipedia.org/wiki/Abby_Wambach
172,Patricia Heaton,https://en.wikipedia.org/wiki/Patricia_Heaton
173,Quincy Jones,https://en.wikipedia.org/wiki/Quincy_Jones
174,DeRay Mckesson,https://en.wikipedia.org/wiki/DeRay_Mckesson
175,Charlie Day,https://en.wikipedia.org/wiki/Charlie_Day
176,Colin Hanks,https://en.wikipedia.org/wiki/Colin_Hanks
177,James Spader,https://en.wikipedia.org/wiki/James_Spader
178,Brandon Marshall,https://en.wikipedia.org/wiki/Brandon_Marshall
179,Sarah Koenig,https://en.wikipedia.org/wiki/Sarah_Koenig
180,Christian Slater,https://en.wikipedia.org/wiki/Christian_Slater
181,Josh Radnor,https://en.wikipedia.org/wiki/Josh_Radnor
182,Steven Tyler,https://en.wikipedia.org/wiki/Steven_Tyler
183,Gaby Hoffmann,https://en.wikipedia.org/wiki/Gaby_Hoffmann
184,Donald Rumsfeld,https://en.wikipedia.org/wiki/Donald_Rumsfeld
185,Russell Westbrook,https://en.wikipedia.org/wiki/Russell_Westbrook
186,Laurence Fishburne,https://en.wikipedia.org/wiki/Laurence_Fishburne
187,Michael Novacek,https://en.wikipedia.org/wiki/Michael_Ian_Black
188,Chris Pine,https://en.wikipedia.org/wiki/Chris_Pine
189,Danielle Brooks,https://en.wikipedia.org/wiki/Danielle_Brooks
190,Jonah Reider,https://en.wikipedia.org/wiki/Joe_Biden
191,Josh Brolin,https://en.wikipedia.org/wiki/Josh_Brolin
192,John Dickerson,https://en.wikipedia.org/wiki/John_Dickerson_(journalist)
193,Erin Brockovich,https://en.wikipedia.org/wiki/Erin_Brockovich
194,John Travolta,https://en.wikipedia.org/wiki/John_Travolta
195,Courtney B. Vance,https://en.wikipedia.org/wiki/Courtney_B._Vance
196,Amy Cuddy,https://en.wikipedia.org/wiki/Amy_Cuddy
197,David Schwimmer,https://en.wikipedia.org/wiki/David_Schwimmer
198,Joel Osteen,https://en.wikipedia.org/wiki/Joel_Osteen
199,Dr. Phil,https://en.wikipedia.orgNone
200,Mark,https://en.wikipedia.org/wiki/Mark_Cuban
201,Jay Duplass,https://en.wikipedia.org/wiki/Jay_Duplass
202,Michael Eric Dyson,https://en.wikipedia.org/wiki/Michael_Eric_Dyson
203,Michael Strahan,https://en.wikipedia.org/wiki/Michael_Strahan
204,Samantha Bee,https://en.wikipedia.org/wiki/Samantha_Bee
205,Bobby Cannavale,https://en.wikipedia.org/wiki/Bobby_Cannavale
206,Donny Deutsch,https://en.wikipedia.org/wiki/Donny_Deutsch
207,Tina Fey,https://en.wikipedia.org/wiki/Tina_Fey
208,Margot Robbie,https://en.wikipedia.org/wiki/Margot_Robbie
209,Will Ferrell,https://en.wikipedia.org/wiki/Will_Ferrell
210,Megyn Kelly,https://en.wikipedia.org/wiki/Megyn_Kelly
211,Bill O'Reilly,https://en.wikipedia.org/wiki/Regina_Hall
212,Eddie George,https://en.wikipedia.org/wiki/Eddie_George
213,Olivia Wilde,https://en.wikipedia.org/wiki/Olivia_Wilde
214,Christiane Amanpour,https://en.wikipedia.org/wiki/Christiane_Amanpour
215,Ben Stiller,https://en.wikipedia.org/wiki/Ben_Stiller
216,Senator Bernie Sanders,https://en.wikipedia.org/wiki/Bernie_Sanders
217,Kelsey Grammer,https://en.wikipedia.org/wiki/Kelsey_Grammer
218,Fred Armisen,https://en.wikipedia.org/wiki/Fred_Armisen
219,Sarah McDaniel,https://en.wikipedia.org/wiki/Sarah_Koenig
220,Craig Ferguson,https://en.wikipedia.org/wiki/Craig_Ferguson
221,Hailey Clauson,https://en.wikipedia.org/wiki/Hailey_Clauson
222,Ashley Graham,https://en.wikipedia.org/wiki/Ashley_Graham_(model)
223,Cory Booker,https://en.wikipedia.org/wiki/Cory_Booker
224,Eva Longoria,https://en.wikipedia.org/wiki/Eva_Longoria
225,Abbi Jacobson,https://en.wikipedia.org/wiki/Abbi_Jacobson
226,Ilana Glazer,https://en.wikipedia.org/wiki/Ilana_Glazer
227,Kate Hudson,https://en.wikipedia.org/wiki/Kate_Hudson
228,Governor John Kasich,https://en.wikipedia.org/wiki/John_Kasich
229,Téa Leoni,https://en.wikipedia.org/wiki/T%C3%A9a_Leoni
230,Amanda Peet,https://en.wikipedia.org/wiki/Amanda_Peet
231,Triumph,https://en.wikipedia.org/wiki/Sampha
232,the Insult Comic Dog,https://en.wikipedia.org/wiki/Triumph_the_Insult_Comic_Dog
233,Chelsea Handler,https://en.wikipedia.org/wiki/Chelsea_Handler
234,Zosia Mamet,https://en.wikipedia.org/wiki/Zosia_Mamet
235,Casey Affleck,https://en.wikipedia.org/wiki/Casey_Affleck
236,Richard Dreyfuss,https://en.wikipedia.org/wiki/Richard_Dreyfuss
237,Debra Messing,https://en.wikipedia.org/wiki/Debra_Messing
238,Zachary Quinto,https://en.wikipedia.org/wiki/Zachary_Quinto
239,Adrien Brody,https://en.wikipedia.org/wiki/Adrien_Brody
240,Danai Gurira,https://en.wikipedia.org/wiki/Danai_Gurira
241,Brian Greene,https://en.wikipedia.org/wiki/Brian_Greene
242,Tim Daly,https://en.wikipedia.org/wiki/Tim_Daly
243,Graham Nash,https://en.wikipedia.org/wiki/Graham_Nash
244,Spike Jonze,https://en.wikipedia.org/wiki/Spike_Jonze
245,Jeffrey Dean Morgan,https://en.wikipedia.org/wiki/Jeffrey_Dean_Morgan
246,Chrissy Teigen,https://en.wikipedia.org/wiki/Chrissy_Teigen
247,Mike Birbiglia,https://en.wikipedia.org/wiki/Mike_Birbiglia
248,Adam Savage,https://en.wikipedia.org/wiki/Dan_Savage
249,Octavia Spencer,https://en.wikipedia.org/wiki/Octavia_Spencer
250,John Stamos,https://en.wikipedia.org/wiki/John_Stamos
251,Bob Saget,https://en.wikipedia.org/wiki/Bob_Saget
252,Dave Coulier,https://en.wikipedia.org/wiki/Dave_Coulier
253,Christopher Meloni,https://en.wikipedia.org/wiki/Christopher_Meloni
254,Edward Byers,https://en.wikipedia.org/wiki/Edward_Byers
255,Will Arnett,https://en.wikipedia.org/wiki/Will_Arnett
256,Charles Barkley,https://en.wikipedia.org/wiki/Charles_Barkley
257,Max Greenfield,https://en.wikipedia.org/wiki/Max_Greenfield
258,Helen Mirren,https://en.wikipedia.org/wiki/Helen_Mirren
259,J. J. Abrams,https://en.wikipedia.org/wiki/J._J._Abrams
260,Sally Field,https://en.wikipedia.org/wiki/Sally_Field
261,Jerrod Carmichael,https://en.wikipedia.org/wiki/Jerrod_Carmichael
262,Anna Kendrick,https://en.wikipedia.org/wiki/Anna_Kendrick
263,U.S. Attorney General Loretta Lynch,https://en.wikipedia.org/wiki/United_States_Attorney_General
264,Jeff Daniels,https://en.wikipedia.org/wiki/Jeff_Daniels
265,Audra McDonald,https://en.wikipedia.org/wiki/Audra_McDonald
266,Mary Elizabeth Winstead,https://en.wikipedia.org/wiki/Mary_Elizabeth_Winstead
267,John Oliver,https://en.wikipedia.org/wiki/John_Oliver
268,Jordan Spieth,https://en.wikipedia.org/wiki/Jordan_Spieth
269,Steve Martin,https://en.wikipedia.org/wiki/Steve_Martin
270,Edie Brickell,https://en.wikipedia.org/wiki/Edie_Brickell
271,Shirley MacLaine,https://en.wikipedia.org/wiki/Shirley_MacLaine
272,Theo James,https://en.wikipedia.org/wiki/Theo_James
273,Jussie Smollett,https://en.wikipedia.org/wiki/Jussie_Smollett
274,William H. Macy,https://en.wikipedia.org/wiki/William_H._Macy
275,Melissa Rauch,https://en.wikipedia.org/wiki/Melissa_Rauch
276,Isaac Mizrahi,https://en.wikipedia.org/wiki/Isaac_Mizrahi
277,Tom Hiddleston,https://en.wikipedia.org/wiki/Tom_Hiddleston
278,Laura Benanti,https://en.wikipedia.org/wiki/Laura_Benanti
279,Adam Driver,https://en.wikipedia.org/wiki/Adam_Driver
280,Rachel Bloom,https://en.wikipedia.org/wiki/Rachel_Bloom
281,Eric Stonestreet,https://en.wikipedia.org/wiki/Eric_Stonestreet
282,Jason Jones,https://en.wikipedia.org/wiki/Jason_Jones_(actor)
283,Senator Elizabeth Warren,https://en.wikipedia.org/wiki/Elizabeth_Warren
284,Sarah Paulson,https://en.wikipedia.org/wiki/Sarah_Paulson
285,Tatiana Maslany,https://en.wikipedia.org/wiki/Tatiana_Maslany
286,Steve Buscemi,https://en.wikipedia.org/wiki/Steve_Buscemi
287,Benjamin Walker,https://en.wikipedia.org/wiki/Benjamin_Walker_(actor)
288,Matthew Perry,https://en.wikipedia.org/wiki/Matthew_Perry
289,Nick Offerman,https://en.wikipedia.org/wiki/Nick_Offerman
290,Melissa McCarthy,https://en.wikipedia.org/wiki/Melissa_McCarthy
291,Ben Falcone,https://en.wikipedia.org/wiki/Ben_Falcone
292,Arianna Huffington,https://en.wikipedia.org/wiki/Arianna_Huffington
293,Anna Kendrick,https://en.wikipedia.org/wiki/Anna_Kendrick
294,Sam Rockwell,https://en.wikipedia.org/wiki/Sam_Rockwell
295,David Duchovny,https://en.wikipedia.org/wiki/David_Duchovny
296,Mindy Kaling,https://en.wikipedia.org/wiki/Mindy_Kaling
297,Tituss Burgess,https://en.wikipedia.org/wiki/Tituss_Burgess
298,Ken Burns,https://en.wikipedia.org/wiki/Ken_Burns
299,Jesse Tyler Ferguson,https://en.wikipedia.org/wiki/Jesse_Tyler_Ferguson
300,Katharine McPhee,https://en.wikipedia.org/wiki/Katharine_McPhee
301,Kevin Spacey,https://en.wikipedia.org/wiki/Kevin_Spacey
302,Thomas Middleditch,https://en.wikipedia.org/wiki/Thomas_Middleditch
303,Dennis Quaid,https://en.wikipedia.org/wiki/Dennis_Quaid
304,Matt Walsh,https://en.wikipedia.org/wiki/Matt_Walsh_(comedian)
305,Tom Hanks,https://en.wikipedia.org/wiki/Tom_Hanks
306,Leslie Odom,"https://en.wikipedia.org/wiki/Leslie_Odom,_Jr."
307,Jr.,https://en.wikipedia.orgNone
308,Julia Louis-Dreyfus,https://en.wikipedia.org/wiki/Julia_Louis-Dreyfus
309,Nikolaj Coster-Waldau,https://en.wikipedia.org/wiki/Nikolaj_Coster-Waldau
310,Michelle Williams,https://en.wikipedia.org/wiki/Michael_K._Williams
311,Eddie Huang,https://en.wikipedia.org/wiki/Eddie_Huang
312,J. K. Simmons,https://en.wikipedia.org/wiki/J._K._Simmons
313,Jane Krakowski,https://en.wikipedia.org/wiki/Jane_Krakowski
314,Chris Wallace,https://en.wikipedia.org/wiki/Chris_Wallace_(journalist)
315,Susan Sarandon,https://en.wikipedia.org/wiki/Susan_Sarandon
316,David Tennant,https://en.wikipedia.org/wiki/David_Tennant
317,Julianna Margulies,https://en.wikipedia.org/wiki/Julianna_Margulies
318,Christine Baranski,https://en.wikipedia.org/wiki/Christine_Baranski
319,Matt Czuchry; Hank Azaria,https://en.wikipedia.org/wiki/Matt_Czuchry
320,Isaac Mizrahi,https://en.wikipedia.org/wiki/Isaac_Mizrahi
321,Phil Knight,https://en.wikipedia.org/wiki/Phil_Knight
322,Anderson Cooper,https://en.wikipedia.org/wiki/Anderson_Cooper
323,Mark Feuerstein,https://en.wikipedia.org/wiki/Mark_Feuerstein
324,Bill O'Reilly,https://en.wikipedia.org/wiki/Regina_Hall
325,Morris Chestnut,https://en.wikipedia.org/wiki/Morris_Chestnut
326,Dakota Johnson,https://en.wikipedia.org/wiki/Dakota_Johnson
327,Sebastian Stan,https://en.wikipedia.org/wiki/Sebastian_Stan
328,Anthony Mackie,https://en.wikipedia.org/wiki/Anthony_Mackie
329,Rob Reiner,https://en.wikipedia.org/wiki/Rob_Reiner
330,Buzz Aldrin,https://en.wikipedia.org/wiki/Buzz_Aldrin
331,Judith Sheindlin,https://en.wikipedia.org/wiki/Judith_Sheindlin
332,Zac Posen,https://en.wikipedia.org/wiki/Zac_Posen
333,W. Kamau Bell,https://en.wikipedia.org/wiki/W._Kamau_Bell
334,Lily Tomlin,https://en.wikipedia.org/wiki/Lily_Tomlin
335,Kumail Nanjiani,https://en.wikipedia.org/wiki/Kumail_Nanjiani
336,Kaley Cuoco,https://en.wikipedia.org/wiki/Kaley_Cuoco
337,Dan Savage,https://en.wikipedia.org/wiki/Dan_Savage
338,Chloë Grace Moretz,https://en.wikipedia.org/wiki/Chlo%C3%AB_Grace_Moretz
339,Katie Couric,https://en.wikipedia.org/wiki/Katie_Couric
340,Charlamagne Tha God,https://en.wikipedia.org/wiki/Charlamagne_Tha_God
341,Kate Beckinsale,https://en.wikipedia.org/wiki/Kate_Beckinsale
342,B. J. Novak,https://en.wikipedia.org/wiki/B._J._Novak
343,Ryan Gosling,https://en.wikipedia.org/wiki/Ryan_Gosling
344,Russell Crowe,https://en.wikipedia.org/wiki/Russell_Crowe
345,Jessie Mueller,https://en.wikipedia.org/wiki/Jessie_Mueller
346,Matt Bomer,https://en.wikipedia.org/wiki/Matt_Bomer
347,Zach Woods,https://en.wikipedia.org/wiki/Zach_Woods
348,Jason Sudeikis,https://en.wikipedia.org/wiki/Jason_Sudeikis
349,Michael Weatherly,https://en.wikipedia.org/wiki/Michael_Weatherly
350,Megyn Kelly,https://en.wikipedia.org/wiki/Megyn_Kelly
351,Anthony Anderson,https://en.wikipedia.org/wiki/Anthony_Anderson
352,Eugene Levy,https://en.wikipedia.org/wiki/Eugene_Levy
353,Catherine O'Hara,https://en.wikipedia.org/wiki/Catherine_O%27Hara
354,Josh Gad,https://en.wikipedia.org/wiki/Josh_Gad
355,Gillian Jacobs,https://en.wikipedia.org/wiki/Gillian_Jacobs
356,Rose Byrne,https://en.wikipedia.org/wiki/Rose_Byrne
357,Bobby Flay,https://en.wikipedia.org/wiki/Bobby_Flay
358,Seth Rogen,https://en.wikipedia.org/wiki/Seth_Rogen
359,Krysten Ritter,https://en.wikipedia.org/wiki/Krysten_Ritter
360,Emilia Clarke,https://en.wikipedia.org/wiki/Emilia_Clarke
361,Shiri Appleby,https://en.wikipedia.org/wiki/Shiri_Appleby
362,Sean Hayes,https://en.wikipedia.org/wiki/Sean_Hayes_(actor)
363,Brooklyn Decker,https://en.wikipedia.org/wiki/Brooklyn_Decker
364,Lewis Black,https://en.wikipedia.org/wiki/Lewis_Black
365,James McAvoy,https://en.wikipedia.org/wiki/James_McAvoy
366,Nick Swardson,https://en.wikipedia.org/wiki/Nick_Swardson
367,Brian Greene,https://en.wikipedia.org/wiki/Brian_Greene
368,Lizzy Caplan,https://en.wikipedia.org/wiki/Lizzy_Caplan
369,Neil Young,https://en.wikipedia.org/wiki/Neil_Young
370,Mike Epps,https://en.wikipedia.org/wiki/Mike_Epps
371,Rashida Jones,https://en.wikipedia.org/wiki/Rashida_Jones
372,Daveed Diggs,https://en.wikipedia.org/wiki/Daveed_Diggs
373,Marina Franklin,https://en.wikipedia.org/wiki/Martin_Freeman
374,James Corden,https://en.wikipedia.org/wiki/James_Corden
375,Scott Speedman,https://en.wikipedia.org/wiki/Scott_Speedman
376,Jude Law,https://en.wikipedia.org/wiki/Jude_Law
377,Norman Reedus,https://en.wikipedia.org/wiki/Norman_Reedus
378,Laura Linney,https://en.wikipedia.org/wiki/Laura_Linney
379,John Leguizamo,https://en.wikipedia.org/wiki/John_Leguizamo
380,Patrick Wilson,https://en.wikipedia.org/wiki/Ruth_Wilson
381,Gayle King,https://en.wikipedia.org/wiki/Gayle_King
382,Governors Gary Johnson,https://en.wikipedia.org/wiki/Gary_Johnson
383,William Weld,https://en.wikipedia.org/wiki/William_Weld
384,David Duchovny,https://en.wikipedia.org/wiki/David_Duchovny
385,Aaron Tveit,https://en.wikipedia.org/wiki/Aaron_Tveit
386,Bill O'Reilly,https://en.wikipedia.org/wiki/Regina_Hall
387,Anna Chlumsky,https://en.wikipedia.org/wiki/Anna_Chlumsky
388,Daniel Radcliffe,https://en.wikipedia.org/wiki/Daniel_Radcliffe
389,George Lopez,https://en.wikipedia.org/wiki/George_Lopez
390,Liam Hemsworth,https://en.wikipedia.org/wiki/Liam_Hemsworth
391,Ana Gasteyer,https://en.wikipedia.org/wiki/Ana_Gasteyer
392,Demi Lovato,https://en.wikipedia.org/wiki/Demi_Lovato
393,Nick Jonas,https://en.wikipedia.org/wiki/Nick_Jonas
394,Amy Ryan,https://en.wikipedia.org/wiki/Amy_Ryan
395,Aaron Paul,https://en.wikipedia.org/wiki/Aaron_Paul
396,Michael Ian Black,https://en.wikipedia.org/wiki/Michael_Ian_Black
397,Alexander Skarsgård,https://en.wikipedia.org/wiki/Alexander_Skarsg%C3%A5rd
398,Natasha Leggero,https://en.wikipedia.org/wiki/Natasha_Leggero
399,Aubrey Plaza,https://en.wikipedia.org/wiki/Aubrey_Plaza
400,Hugh Dancy,https://en.wikipedia.org/wiki/Hugh_Dancy
401,Uzo Aduba,https://en.wikipedia.org/wiki/Uzo_Aduba
402,Neil deGrasse Tyson,https://en.wikipedia.org/wiki/Neil_deGrasse_Tyson
403,Senator Bernie Sanders,https://en.wikipedia.org/wiki/Bernie_Sanders
404,Paul Dano,https://en.wikipedia.org/wiki/Paul_Dano
405,Kevin Hart,https://en.wikipedia.org/wiki/Kevin_Hart
406,Taylor Schilling,https://en.wikipedia.org/wiki/Taylor_Schilling
407,RuPaul Charles,https://en.wikipedia.org/wiki/RuPaul
408,Kevin Love,https://en.wikipedia.org/wiki/Kevin_Love
409,Jenny Slate,https://en.wikipedia.org/wiki/Jenny_Slate
410,Tom Brokaw,https://en.wikipedia.org/wiki/Tom_Brokaw
411,Sara,https://en.wikipedia.orgNone
412,Erin Foster,https://en.wikipedia.org/wiki/Erin_Foster
413,Samuel L. Jackson,https://en.wikipedia.org/wiki/Samuel_L._Jackson
414,Julie Klausner,https://en.wikipedia.org/wiki/Julie_Klausner
415,Ellie Kemper,https://en.wikipedia.org/wiki/Ellie_Kemper
416,Patrick Fugit,https://en.wikipedia.org/wiki/Patrick_Fugit
417,Zachary Quinto,https://en.wikipedia.org/wiki/Zachary_Quinto
418,Natasha Lyonne,https://en.wikipedia.org/wiki/Natasha_Lyonne
419,2 Chainz,https://en.wikipedia.org/wiki/2_Chainz
420,Bryan Cranston,https://en.wikipedia.org/wiki/Bryan_Cranston
421,Busy Philipps,https://en.wikipedia.org/wiki/Busy_Philipps
422,Nicholas Hoult,https://en.wikipedia.org/wiki/Nicholas_Hoult
423,John Turturro,https://en.wikipedia.org/wiki/John_Turturro
424,Bret Baier,https://en.wikipedia.org/wiki/Bret_Baier
425,Benjamin Bratt,https://en.wikipedia.org/wiki/Benjamin_Bratt
426,Rob Corddry,https://en.wikipedia.org/wiki/Rob_Corddry
427,Bill Maher,https://en.wikipedia.org/wiki/Bill_Maher
428,Michael K. Williams,https://en.wikipedia.org/wiki/Michael_K._Williams
429,Charlie Rose,https://en.wikipedia.org/wiki/Charlie_Rose
430,Gayle King,https://en.wikipedia.org/wiki/Gayle_King
431,Norah O'Donnell,https://en.wikipedia.org/wiki/Norah_O%27Donnell
432,DeRay McKesson,https://en.wikipedia.org/wiki/DeRay_McKesson
433,Zoe Saldana,https://en.wikipedia.org/wiki/Zoe_Saldana
434,Keegan-Michael Key,https://en.wikipedia.org/wiki/Keegan-Michael_Key
435,Kathryn Hahn,https://en.wikipedia.org/wiki/Kathryn_Hahn
436,Tony Goldwyn,https://en.wikipedia.org/wiki/Tony_Goldwyn
437,Mark Cuban,https://en.wikipedia.org/wiki/Mark_Cuban
438,Lewis Black,https://en.wikipedia.org/wiki/Lewis_Black
439,Senator Elizabeth Warren,https://en.wikipedia.org/wiki/Elizabeth_Warren
440,Billy Eichner,https://en.wikipedia.org/wiki/Billy_Eichner
441,Jennifer Saunders,https://en.wikipedia.org/wiki/Jennifer_Saunders
442,Allison Janney,https://en.wikipedia.org/wiki/Allison_Janney
443,Anthony Weiner,https://en.wikipedia.org/wiki/Anthony_Weiner
444,Jeff Daniels,https://en.wikipedia.org/wiki/Jeff_Daniels
445,Bassem Youssef,https://en.wikipedia.org/wiki/Bassem_Youssef
446,John Oliver,https://en.wikipedia.org/wiki/John_Oliver
447,Jai Courtney,https://en.wikipedia.org/wiki/Jai_Courtney
448,Charlamagne Tha God,https://en.wikipedia.org/wiki/Charlamagne_Tha_God
449,Abbi Jacobson,https://en.wikipedia.org/wiki/Abbi_Jacobson
450,Ilana Glazer,https://en.wikipedia.org/wiki/Ilana_Glazer
451,Doris Kearns Goodwin,https://en.wikipedia.org/wiki/Doris_Kearns_Goodwin
452,Eric André,https://en.wikipedia.org/wiki/Eric_Andr%C3%A9
453,N/A,https://en.wikipedia.orgNone
454,Viola Davis,https://en.wikipedia.org/wiki/Viola_Davis
455,Simon Helberg,https://en.wikipedia.org/wiki/Simon_Helberg
456,Will Smith,https://en.wikipedia.org/wiki/Will_Smith
457,Logan Lerman,https://en.wikipedia.org/wiki/Logan_Lerman
458,John Cena,https://en.wikipedia.org/wiki/John_Cena
459,Scott Eastwood,https://en.wikipedia.org/wiki/Scott_Eastwood
460,Jamie Dornan,https://en.wikipedia.org/wiki/Jamie_Dornan
461,Javier Muñoz,https://en.wikipedia.org/wiki/Javier_Mu%C3%B1oz_(actor)
462,Malcolm Gladwell,https://en.wikipedia.org/wiki/Malcolm_Gladwell
463,Diane Kruger,https://en.wikipedia.org/wiki/Diane_Kruger
464,Ibtihaj Muhammad,https://en.wikipedia.org/wiki/Ibtihaj_Muhammad
465,Amy Schumer,https://en.wikipedia.org/wiki/Amy_Schumer
466,Omari Hardwick,https://en.wikipedia.org/wiki/Omari_Hardwick
467,Michaela Watkins,https://en.wikipedia.org/wiki/Michaela_Watkins
468,Rami Malek,https://en.wikipedia.org/wiki/Rami_Malek
469,Tika Sumpter,https://en.wikipedia.org/wiki/Tika_Sumpter
470,Parker Sawyers,https://en.wikipedia.org/wiki/Parker_Sawyers
471,Anderson Cooper,https://en.wikipedia.org/wiki/Anderson_Cooper
472,Édgar Ramírez,https://en.wikipedia.org/wiki/%C3%89dgar_Ram%C3%ADrez
473,Senator Tim Kaine,https://en.wikipedia.org/wiki/Tim_Kaine
474,Tony Hale,https://en.wikipedia.org/wiki/Tony_Hale
475,Rachel Weisz,https://en.wikipedia.org/wiki/Rachel_Weisz
476,Kevin Smith,https://en.wikipedia.org/wiki/Kevin_Smith
477,Spike Feresten,https://en.wikipedia.org/wiki/Spike_Feresten
478,Riz Ahmed,https://en.wikipedia.org/wiki/Riz_Ahmed
479,Pedro Pascal,https://en.wikipedia.org/wiki/Pedro_Pascal
480,John Krasinski,https://en.wikipedia.org/wiki/John_Krasinski
481,Adam Brody,https://en.wikipedia.org/wiki/Adam_Brody
482,Christian Slater,https://en.wikipedia.org/wiki/Christian_Slater
483,Chris Geere,https://en.wikipedia.org/wiki/Chris_Geere
484,Congressman John Lewis,https://en.wikipedia.org/wiki/Damian_Lewis
485,Larry Wilmore,https://en.wikipedia.org/wiki/Larry_Wilmore
486,Chris Noth,https://en.wikipedia.org/wiki/Chris_Noth
487,Anna Gunn,https://en.wikipedia.org/wiki/Anna_Gunn
488,John Dickerson,https://en.wikipedia.org/wiki/John_Dickerson_(journalist)
489,Harry Connick Jr.,https://en.wikipedia.org/wiki/Harry_Connick_Jr.
490,Ava DuVernay,https://en.wikipedia.org/wiki/Ava_DuVernay
491,Whoopi Goldberg,https://en.wikipedia.org/wiki/Whoopi_Goldberg
492,Regina Hall,https://en.wikipedia.org/wiki/Regina_Hall
493,Chesley Sullenberger,https://en.wikipedia.org/wiki/Chesley_Sullenberger
494,Jessica Alba,https://en.wikipedia.org/wiki/Jessica_Alba
495,Bradley Whitford,https://en.wikipedia.org/wiki/Bradley_Whitford
496,George Takei,https://en.wikipedia.org/wiki/George_Takei
497,Tituss Burgess,https://en.wikipedia.org/wiki/Tituss_Burgess
498,Jeff Ross,https://en.wikipedia.org/wiki/Jeff_Ross
499,Adam Richman,https://en.wikipedia.org/wiki/Adam_Richman
500,Dr. Phil,https://en.wikipedia.orgNone
501,Alan Cumming,https://en.wikipedia.org/wiki/Alan_Cumming
502,Joseph Gordon-Levitt,https://en.wikipedia.org/wiki/Joseph_Gordon-Levitt
503,Millie Bobby Brown,https://en.wikipedia.org/wiki/Millie_Bobby_Brown
504,Trevor Noah,https://en.wikipedia.org/wiki/Trevor_Noah
505,Allen Iverson,https://en.wikipedia.org/wiki/Allen_Iverson
506,Chris Gethard,https://en.wikipedia.org/wiki/Chris_Gethard
507,Tracee Ellis Ross,https://en.wikipedia.org/wiki/Tracee_Ellis_Ross
508,Andrew Rannells,https://en.wikipedia.org/wiki/Andrew_Rannells
509,John Slattery,https://en.wikipedia.org/wiki/John_Slattery
510,Oliver Stone,https://en.wikipedia.org/wiki/Oliver_Stone
511,Chris Pratt,https://en.wikipedia.org/wiki/Chris_Pratt
512,Scott Bakula,https://en.wikipedia.org/wiki/Scott_Bakula
513,First Lady Michelle Obama,https://en.wikipedia.org/wiki/Michelle_Obama
514,America Ferrera,https://en.wikipedia.org/wiki/America_Ferrera
515,Ethan Hawke,https://en.wikipedia.org/wiki/Ethan_Hawke
516,Tim Meadows,https://en.wikipedia.org/wiki/Tim_Meadows
517,Anthony Anderson,https://en.wikipedia.org/wiki/Anthony_Anderson
518,Mark Consuelos,https://en.wikipedia.org/wiki/Mark_Consuelos
519,Bruce Springsteen,https://en.wikipedia.org/wiki/Bruce_Springsteen
520,Rob Lowe,https://en.wikipedia.org/wiki/Rob_Lowe
521,Kal Penn,https://en.wikipedia.org/wiki/Kal_Penn
522,Sean Penn,https://en.wikipedia.org/wiki/Sean_Penn
523,Sutton Foster,https://en.wikipedia.org/wiki/Sutton_Foster
524,Lupita Nyong'o,https://en.wikipedia.org/wiki/Lupita_Nyong%27o
525,Donnie Wahlberg,https://en.wikipedia.org/wiki/Donnie_Wahlberg
526,Morgan Freeman,https://en.wikipedia.org/wiki/Morgan_Freeman
527,Judith Light,https://en.wikipedia.org/wiki/Judith_Light
528,Samantha Bee,https://en.wikipedia.org/wiki/Samantha_Bee
529,Abby Elliott,https://en.wikipedia.org/wiki/Abby_Elliott
530,Asa Butterfield,https://en.wikipedia.org/wiki/Asa_Butterfield
531,Mindy Kaling,https://en.wikipedia.org/wiki/Mindy_Kaling
532,Gary Owen,https://en.wikipedia.org/wiki/Gary_Owen_(comedian)
533,John Leguizamo,https://en.wikipedia.org/wiki/John_Leguizamo
534,Cheri Oteri,https://en.wikipedia.org/wiki/Cheri_Oteri
535,Paul F. Tompkins,https://en.wikipedia.org/wiki/Paul_F._Tompkins
536,Armie Hammer,https://en.wikipedia.org/wiki/Armie_Hammer
537,Lindsey Vonn,https://en.wikipedia.org/wiki/Lindsey_Vonn
538,Emily Blunt,https://en.wikipedia.org/wiki/Emily_Blunt
539,Gael García Bernal,https://en.wikipedia.org/wiki/Gael_Garc%C3%ADa_Bernal
540,Diane Lane,https://en.wikipedia.org/wiki/Diane_Lane
541,Aja Naomi King,https://en.wikipedia.org/wiki/Aja_Naomi_King
542,Amy Schumer,https://en.wikipedia.org/wiki/Amy_Schumer
543,Omari Hardwick,https://en.wikipedia.org/wiki/Omari_Hardwick
544,Michaela Watkins,https://en.wikipedia.org/wiki/Michaela_Watkins
545,Bill O'Reilly,https://en.wikipedia.org/wiki/Regina_Hall
546,Randall Park,https://en.wikipedia.org/wiki/Randall_Park
547,Nick Offerman,https://en.wikipedia.org/wiki/Nick_Offerman
548,Wayne Gretzky,https://en.wikipedia.org/wiki/Wayne_Gretzky
549,Morgan Spurlock,https://en.wikipedia.org/wiki/Morgan_Spurlock
550,Hugh Laurie,https://en.wikipedia.org/wiki/Hugh_Laurie
551,Paul Reiser,https://en.wikipedia.org/wiki/Paul_Reiser
552,Nate Silver,https://en.wikipedia.org/wiki/Nate_Silver
553,Tiger Woods,https://en.wikipedia.org/wiki/Tiger_Woods
554,Elijah Wood,https://en.wikipedia.org/wiki/Elijah_Wood
555,Jorge Ramos,https://en.wikipedia.org/wiki/Jorge_Ramos_(news_anchor)
556,Matt LeBlanc,https://en.wikipedia.org/wiki/Matt_LeBlanc
557,Joy Bryant,https://en.wikipedia.org/wiki/Joy_Bryant
558,Congresswoman Eleanor Holmes Norton,https://en.wikipedia.org/wiki/Eleanor_Holmes_Norton
559,Tom Hanks,https://en.wikipedia.org/wiki/Tom_Hanks
560,Adam Conover,https://en.wikipedia.org/wiki/Adam_Conover
561,Will Forte,https://en.wikipedia.org/wiki/Will_Forte
562,Dermot Mulroney,https://en.wikipedia.org/wiki/Dermot_Mulroney
563,Wyatt Cenac,https://en.wikipedia.org/wiki/Wyatt_Cenac
564,Joel McHale,https://en.wikipedia.org/wiki/Joel_McHale
565,Abbi Jacobson,https://en.wikipedia.org/wiki/Abbi_Jacobson
566,Jon Glaser,https://en.wikipedia.org/wiki/Jon_Glaser
567,Mary-Louise Parker,https://en.wikipedia.org/wiki/Mary-Louise_Parker
568,Pusha T,https://en.wikipedia.org/wiki/Pusha_T
569,Drew Carey,https://en.wikipedia.org/wiki/Drew_Carey
570,Claire Foy,https://en.wikipedia.org/wiki/Claire_Foy
571,Matt Smith,https://en.wikipedia.org/wiki/Matt_Smith_(actor)
572,Ruth Wilson,https://en.wikipedia.org/wiki/Ruth_Wilson
573,J. B. Smoove,https://en.wikipedia.org/wiki/J._B._Smoove
574,The Ghost Brothers,https://en.wikipedia.org/wiki/The_Shelters
575,Mel Gibson,https://en.wikipedia.org/wiki/Mel_Gibson
576,Luke Bracey,https://en.wikipedia.org/wiki/Luke_Bracey
577,Michael Strahan,https://en.wikipedia.org/wiki/Michael_Strahan
578,Nick Kroll,https://en.wikipedia.org/wiki/Nick_Kroll
579,Aaron Eckhart,https://en.wikipedia.org/wiki/Aaron_Eckhart
580,Tig Notaro,https://en.wikipedia.org/wiki/Tig_Notaro
581,Ron Suskind,https://en.wikipedia.org/wiki/Ron_Suskind
582,Viggo Mortensen,https://en.wikipedia.org/wiki/Viggo_Mortensen
583,Patton Oswalt,https://en.wikipedia.org/wiki/Patton_Oswalt
584,Don Cheadle,https://en.wikipedia.org/wiki/Don_Cheadle
585,Stevie Wonder,https://en.wikipedia.org/wiki/Stevie_Wonder
586,Katherine Waterston,https://en.wikipedia.org/wiki/Katherine_Waterston
587,Miles Teller,https://en.wikipedia.org/wiki/Miles_Teller
588,Neil deGrasse Tyson,https://en.wikipedia.org/wiki/Neil_deGrasse_Tyson
589,Triumph,https://en.wikipedia.org/wiki/Sampha
590,the Insult Comic Dog,https://en.wikipedia.org/wiki/Triumph_the_Insult_Comic_Dog
591,Sting,https://en.wikipedia.orgNone
592,Thandie Newton,https://en.wikipedia.org/wiki/Thandie_Newton
593,Mark Halperin,https://en.wikipedia.org/wiki/Mark_Halperin
594,John Heilemann,https://en.wikipedia.org/wiki/John_Heilemann
595,Jeff Goldblum,https://en.wikipedia.org/wiki/Jeff_Goldblum
596,Eddie Redmayne,https://en.wikipedia.org/wiki/Eddie_Redmayne
597,Senator Bernie Sanders,https://en.wikipedia.org/wiki/Bernie_Sanders
598,Alton Brown,https://en.wikipedia.org/wiki/Alton_Brown
599,Anna Kendrick,https://en.wikipedia.org/wiki/Anna_Kendrick
600,Mahershala Ali,https://en.wikipedia.org/wiki/Mahershala_Ali
601,Marion Cotillard,https://en.wikipedia.org/wiki/Marion_Cotillard
602,Dev Patel,https://en.wikipedia.org/wiki/Dev_Patel
603,Amy Adams,https://en.wikipedia.org/wiki/Amy_Adams
604,Simone Biles,https://en.wikipedia.org/wiki/Simone_Biles
605,Jeff Watson,https://en.wikipedia.org/wiki/Jeff_Daniels
606,William H. Macy,https://en.wikipedia.org/wiki/William_H._Macy
607,Colin Quinn,https://en.wikipedia.org/wiki/Colin_Quinn
608,Michael Weatherly,https://en.wikipedia.org/wiki/Michael_Weatherly
609,Carrie Fisher,https://en.wikipedia.org/wiki/Carrie_Fisher
610,James Marsden,https://en.wikipedia.org/wiki/James_Marsden
611,Jimmie Johnson,https://en.wikipedia.org/wiki/Jimmie_Johnson
612,John Waters,https://en.wikipedia.org/wiki/John_Slattery
613,Danny DeVito,https://en.wikipedia.org/wiki/Danny_DeVito
614,Max Greenfield,https://en.wikipedia.org/wiki/Max_Greenfield
615,Tim Daly,https://en.wikipedia.org/wiki/Tim_Daly
616,Lauren Cohan,https://en.wikipedia.org/wiki/Lauren_Cohan
617,Lauren Graham,https://en.wikipedia.org/wiki/Lauren_Graham
618,Justin Long,https://en.wikipedia.org/wiki/Justin_Long
619,Matthew Broderick,https://en.wikipedia.org/wiki/Matthew_Broderick
620,Ali Wentworth,https://en.wikipedia.org/wiki/Alexandra_Wentworth
621,Jason Bateman,https://en.wikipedia.org/wiki/Jason_Bateman
622,Padma Lakshmi,https://en.wikipedia.org/wiki/Padma_Lakshmi
623,Michael Lewis,https://en.wikipedia.org/wiki/Michael_Lewis
624,Vice President Joe Biden,https://en.wikipedia.org/wiki/Joe_Biden
625,DJ Khaled,https://en.wikipedia.org/wiki/DJ_Khaled
626,Sigourney Weaver,https://en.wikipedia.org/wiki/Sigourney_Weaver
627,Andy Cohen,https://en.wikipedia.orgNone
628,Octavia Spencer,https://en.wikipedia.org/wiki/Octavia_Spencer
629,John Mulaney,https://en.wikipedia.org/wiki/John_Mulaney
630,Olivia Munn,https://en.wikipedia.org/wiki/Olivia_Munn
631,Martin Freeman,https://en.wikipedia.org/wiki/Martin_Freeman
632,John Goodman,https://en.wikipedia.org/wiki/John_Goodman
633,Denée Benton,https://en.wikipedia.org/wiki/Den%C3%A9e_Benton
634,Mark Wahlberg,https://en.wikipedia.org/wiki/Mark_Wahlberg
635,Lee Daniels,https://en.wikipedia.org/wiki/Lee_Daniels
636,Neil Patrick Harris,https://en.wikipedia.org/wiki/Neil_Patrick_Harris
637,Megan Mullally,https://en.wikipedia.org/wiki/Megan_Mullally
638,James Franco,https://en.wikipedia.org/wiki/James_Franco
639,Michael Stipe,https://en.wikipedia.org/wiki/Michael_Stipe
640,Liam Neeson,https://en.wikipedia.org/wiki/Liam_Neeson
641,Shepard Smith,https://en.wikipedia.org/wiki/Shepard_Smith
642,Tom Hanks,https://en.wikipedia.org/wiki/Tom_Hanks
643,Bruce Springsteen,https://en.wikipedia.org/wiki/Bruce_Springsteen
644,David Duchovny,https://en.wikipedia.org/wiki/David_Duchovny
645,Bryan Cranston,https://en.wikipedia.org/wiki/Bryan_Cranston
646,Robert De Niro,https://en.wikipedia.org/wiki/Robert_De_Niro
647,Amy Schumer,https://en.wikipedia.org/wiki/Amy_Schumer
648,John Krasinski,https://en.wikipedia.org/wiki/John_Krasinski
649,Millie Bobby Brown,https://en.wikipedia.org/wiki/Millie_Bobby_Brown
650,Will Smith,https://en.wikipedia.org/wiki/Will_Smith
651,Anna Kendrick,https://en.wikipedia.org/wiki/Anna_Kendrick
652,Chris Pratt,https://en.wikipedia.org/wiki/Chris_Pratt
653,Jason Bateman,https://en.wikipedia.org/wiki/Jason_Bateman
654,Triumph the Insult Comic Dog,https://en.wikipedia.org/wiki/Triumph_the_Insult_Comic_Dog
655,Oprah Winfrey,https://en.wikipedia.org/wiki/Oprah_Winfrey
656,Kate Beckinsale,https://en.wikipedia.org/wiki/Kate_Beckinsale
657,Chris Messina,https://en.wikipedia.org/wiki/Chris_Messina
658,Jen Kirkman,https://en.wikipedia.org/wiki/Jen_Kirkman
659,Adam Driver,https://en.wikipedia.org/wiki/Adam_Driver
660,Alexa Davalos,https://en.wikipedia.org/wiki/Alexa_Davalos
661,Charlie Rose,https://en.wikipedia.org/wiki/Charlie_Rose
662,Hayden Panettiere,https://en.wikipedia.org/wiki/Hayden_Panettiere
663,Jack Maxwell,https://en.wikipedia.orgNone
664,Billy Joel,https://en.wikipedia.org/wiki/Billy_Joel
665,Josh Holloway,https://en.wikipedia.org/wiki/Josh_Holloway
666,Andrew Garfield,https://en.wikipedia.org/wiki/Andrew_Garfield
667,Erin Andrews,https://en.wikipedia.org/wiki/Erin_Andrews
668,Jude Law,https://en.wikipedia.org/wiki/Jude_Law
669,Gabrielle Union,https://en.wikipedia.org/wiki/Gabrielle_Union
670,Thomas L. Friedman,https://en.wikipedia.org/wiki/Thomas_Friedman
671,Tom Selleck,https://en.wikipedia.org/wiki/Tom_Selleck
672,Craig Robinson,https://en.wikipedia.org/wiki/Craig_Robinson_(actor)
673,Cuba Gooding Jr.,https://en.wikipedia.org/wiki/Cuba_Gooding_Jr.
674,Rupert Friend,https://en.wikipedia.org/wiki/Rupert_Friend
675,Sarah Paulson,https://en.wikipedia.org/wiki/Sarah_Paulson
676,Corey Stoll,https://en.wikipedia.org/wiki/Corey_Stoll
677,Billy Eichner,https://en.wikipedia.org/wiki/Billy_Eichner
678,Mel B,https://en.wikipedia.org/wiki/Mel_B
679,Gilbert Gottfried,https://en.wikipedia.org/wiki/Gilbert_Gottfried
680,Idina Menzel,https://en.wikipedia.org/wiki/Idina_Menzel
681,Rachel Bloom,https://en.wikipedia.org/wiki/Rachel_Bloom
682,Louie Anderson,https://en.wikipedia.org/wiki/Louie_Anderson
683,Johnny Galecki,https://en.wikipedia.org/wiki/Johnny_Galecki
684,Chris Matthews,https://en.wikipedia.org/wiki/Chris_Matthews
685,Jim Gaffigan,https://en.wikipedia.org/wiki/Jim_Gaffigan
686,Cristela Alonzo,https://en.wikipedia.org/wiki/Cristela_Alonzo
687,Leslie Mann,https://en.wikipedia.org/wiki/Leslie_Mann
688,Lewis Black,https://en.wikipedia.org/wiki/Lewis_Black
689,Dan Levy,https://en.wikipedia.orgNone
690,Josh Groban,https://en.wikipedia.org/wiki/Josh_Groban
691,Rachael Ray,https://en.wikipedia.org/wiki/Rachael_Ray
692,Ricky Gervais,https://en.wikipedia.org/wiki/Ricky_Gervais
693,Christina Ricci,https://en.wikipedia.org/wiki/Christina_Ricci
694,Dr. Phil McGraw,https://en.wikipedia.org/wiki/Phil_McGraw
695,Michael Bolton,https://en.wikipedia.org/wiki/Michael_Bolton
696,Priyanka Chopra,https://en.wikipedia.org/wiki/Priyanka_Chopra
697,Thomas Sadoski,https://en.wikipedia.org/wiki/Thomas_Sadoski
698,Paul Giamatti,https://en.wikipedia.org/wiki/Paul_Giamatti
699,Wendy Williams,https://en.wikipedia.org/wiki/Wendy_Williams
700,John Oliver,https://en.wikipedia.org/wiki/John_Oliver
701,Isabelle Huppert,https://en.wikipedia.org/wiki/Isabelle_Huppert
702,Robert De Niro,https://en.wikipedia.org/wiki/Robert_De_Niro
703,Jake Tapper,https://en.wikipedia.org/wiki/Jake_Tapper
704,Ezra Edelman,https://en.wikipedia.org/wiki/Ezra_Edelman
705,David Oyelowo,https://en.wikipedia.org/wiki/David_Oyelowo
706,Taran Killam,https://en.wikipedia.org/wiki/Taran_Killam
707,Will Arnett,https://en.wikipedia.org/wiki/Will_Arnett
708,Pete Holmes,https://en.wikipedia.org/wiki/Pete_Holmes
709,Shailene Woodley,https://en.wikipedia.org/wiki/Shailene_Woodley
710,Laverne Cox,https://en.wikipedia.org/wiki/Laverne_Cox
711,Rick,https://en.wikipedia.orgNone
712,Marty Lagina,https://en.wikipedia.org/wiki/Steve_Martin
713,Christine Baranski,https://en.wikipedia.org/wiki/Christine_Baranski
714,Bob Odenkirk,https://en.wikipedia.org/wiki/Bob_Odenkirk
715,Tatiana Maslany,https://en.wikipedia.org/wiki/Tatiana_Maslany
716,George Saunders,https://en.wikipedia.org/wiki/George_Saunders
717,Sally Field,https://en.wikipedia.org/wiki/Sally_Field
718,Maggie Siff,https://en.wikipedia.org/wiki/Maggie_Siff
719,Julie Andrews,https://en.wikipedia.org/wiki/Julie_Andrews
720,Christina Hendricks,https://en.wikipedia.org/wiki/Christina_Hendricks
721,Uma Thurman,https://en.wikipedia.org/wiki/Uma_Thurman
722,Jason Jones,https://en.wikipedia.org/wiki/Jason_Jones_(actor)
723,Joe Scarborough,https://en.wikipedia.org/wiki/Joe_Scarborough
724,Kate Upton,https://en.wikipedia.org/wiki/Kate_Upton
725,Yvette Nicole Brown,https://en.wikipedia.org/wiki/Yvette_Nicole_Brown
726,Kelly Ripa,https://en.wikipedia.org/wiki/Kelly_Ripa
727,Billy Gardell,https://en.wikipedia.org/wiki/Billy_Gardell
728,Aubrey Plaza,https://en.wikipedia.org/wiki/Aubrey_Plaza
729,Bradley Whitford,https://en.wikipedia.org/wiki/Bradley_Whitford
730,Allison Williams,https://en.wikipedia.org/wiki/Allison_Williams_(actress)
731,Cush Jumbo,https://en.wikipedia.org/wiki/Cush_Jumbo
732,Connie Britton,https://en.wikipedia.org/wiki/Connie_Britton
733,Zoey Deutch,https://en.wikipedia.org/wiki/Zoey_Deutch
734,Josh Earnest,https://en.wikipedia.org/wiki/Josh_Earnest
735,Lisa Kudrow,https://en.wikipedia.org/wiki/Lisa_Kudrow
736,Patrick Stewart,https://en.wikipedia.org/wiki/Patrick_Stewart
737,Chris Colfer,https://en.wikipedia.org/wiki/Chris_Colfer
738,Roy Wood Jr.,https://en.wikipedia.org/wiki/Roy_Wood_Jr.
739,Hugh Jackman,https://en.wikipedia.org/wiki/Hugh_Jackman
740,Condola Rashād,https://en.wikipedia.org/wiki/Condola_Rash%C4%81d
741,Cate Blanchett,https://en.wikipedia.org/wiki/Cate_Blanchett
742,Paul Rust,https://en.wikipedia.org/wiki/Paul_Rust
743,Anderson Cooper,https://en.wikipedia.org/wiki/Anderson_Cooper
744,Judd Apatow,https://en.wikipedia.org/wiki/Judd_Apatow
745,Kevin Kline,https://en.wikipedia.org/wiki/Kevin_Kline
746,Jerrod Carmichael,https://en.wikipedia.org/wiki/Jerrod_Carmichael
747,General Michael Hayden,https://en.wikipedia.org/wiki/Michael_Hayden_(general)
748,Mark Halperin,https://en.wikipedia.org/wiki/Mark_Halperin
749,John Heilemann,https://en.wikipedia.org/wiki/John_Heilemann
750,Michael Ian Black,https://en.wikipedia.org/wiki/Michael_Ian_Black
751,Jackson Galaxy,https://en.wikipedia.org/wiki/Jackson_Galaxy
752,Kristen Stewart,https://en.wikipedia.org/wiki/Kristen_Stewart
753,Maz Jobrani,https://en.wikipedia.org/wiki/Maz_Jobrani
754,Felicity Huffman,https://en.wikipedia.org/wiki/Felicity_Huffman
755,Jurnee Smollett-Bell,https://en.wikipedia.org/wiki/Jurnee_Smollett-Bell
756,Ewan McGregor,https://en.wikipedia.org/wiki/Ewan_McGregor
757,Finn Wittrock,https://en.wikipedia.org/wiki/Finn_Wittrock
758,Neil deGrasse Tyson,https://en.wikipedia.org/wiki/Neil_deGrasse_Tyson
759,Todd Barry,https://en.wikipedia.org/wiki/Todd_Barry
760,Jessica Lange,https://en.wikipedia.org/wiki/Jessica_Lange
761,Bassem Youssef,https://en.wikipedia.org/wiki/Bassem_Youssef
762,Judy Gold,https://en.wikipedia.org/wiki/Judy_Gold
763,Bryan Cranston,https://en.wikipedia.org/wiki/Bryan_Cranston
764,Audra McDonald,https://en.wikipedia.org/wiki/Audra_McDonald
765,Ryan Reynolds,https://en.wikipedia.org/wiki/Ryan_Reynolds
766,Josh Lucas,https://en.wikipedia.org/wiki/Josh_Lucas
767,Andy Daly,https://en.wikipedia.org/wiki/Andy_Daly
768,Glenn Close,https://en.wikipedia.org/wiki/Glenn_Close
769,Michael McKean,https://en.wikipedia.org/wiki/Michael_McKean
770,H. Jon Benjamin,https://en.wikipedia.org/wiki/H._Jon_Benjamin
771,Lily Tomlin,https://en.wikipedia.org/wiki/Lily_Tomlin
772,Jane Fonda,https://en.wikipedia.org/wiki/Jane_Fonda
773,Jay Chandrasekhar,https://en.wikipedia.org/wiki/Jay_Chandrasekhar
774,Hank Azaria,https://en.wikipedia.org/wiki/Hank_Azaria
775,Kate Walsh,https://en.wikipedia.org/wiki/Kate_Walsh_(actress)
776,Emma Roberts,https://en.wikipedia.org/wiki/Emma_Roberts
777,Ken Jeong,https://en.wikipedia.org/wiki/Ken_Jeong
778,Luke Bryan,https://en.wikipedia.org/wiki/Luke_Bryan
779,Dierks Bentley,https://en.wikipedia.org/wiki/Dierks_Bentley
780,Marisa Tomei,https://en.wikipedia.org/wiki/Marisa_Tomei
781,Hugh Dancy,https://en.wikipedia.org/wiki/Hugh_Dancy
782,Susan Sarandon,https://en.wikipedia.org/wiki/Susan_Sarandon
783,Joey McIntyre,https://en.wikipedia.org/wiki/Joey_McIntyre
784,Robert Klein,https://en.wikipedia.org/wiki/Robert_Klein
785,Jason Sudeikis,https://en.wikipedia.org/wiki/Jason_Sudeikis
786,Jennifer Esposito,https://en.wikipedia.org/wiki/Jennifer_Esposito
787,Louis C.K.,https://en.wikipedia.org/wiki/Louis_C.K.
788,Ernie Johnson Jr.,https://en.wikipedia.org/wiki/Ernie_Johnson_Jr.
789,Sigourney Weaver,https://en.wikipedia.org/wiki/Sigourney_Weaver
790,Jon Favreau,https://en.wikipedia.org/wiki/Jon_Favreau_(speechwriter)
791,Jon Lovett,https://en.wikipedia.org/wiki/Jon_Lovett
792,Tommy Vietor,https://en.wikipedia.org/wiki/Tommy_Vietor
793,Jessica Lange,https://en.wikipedia.org/wiki/Jessica_Lange
794,Kadeem Hardison,https://en.wikipedia.org/wiki/Kadeem_Hardison
795,Judy Gold,https://en.wikipedia.org/wiki/Judy_Gold
796,Mandy Patinkin,https://en.wikipedia.org/wiki/Mandy_Patinkin
797,Zosia Mamet,https://en.wikipedia.org/wiki/Zosia_Mamet
798,Jerrod Carmichael,https://en.wikipedia.org/wiki/Jerrod_Carmichael
799,Jennifer Hudson,https://en.wikipedia.org/wiki/Jennifer_Hudson
800,Chris Hayes,https://en.wikipedia.org/wiki/Chris_Matthews
801,Christian Borle,https://en.wikipedia.org/wiki/Christian_Borle
802,Alec Baldwin,https://en.wikipedia.org/wiki/Alec_Baldwin
803,Charlamagne tha God,https://en.wikipedia.org/wiki/Charlamagne_tha_God
804,Rose Byrne,https://en.wikipedia.org/wiki/Rose_Byrne
805,Lewis Black,https://en.wikipedia.org/wiki/Lewis_Black
806,Elisabeth Moss,https://en.wikipedia.org/wiki/Elisabeth_Moss
807,Anthony Atamanuik,https://en.wikipedia.org/wiki/Anthony_Atamanuik
808,Rosario Dawson,https://en.wikipedia.org/wiki/Rosario_Dawson
809,Renée Elise Goldsberry,https://en.wikipedia.org/wiki/Ren%C3%A9e_Elise_Goldsberry
810,Moshe Kasher,https://en.wikipedia.org/wiki/Moshe_Kasher
811,Allison Janney,https://en.wikipedia.org/wiki/Allison_Janney
812,Sheryl Sandberg,https://en.wikipedia.org/wiki/Sheryl_Sandberg
813,John Legend,https://en.wikipedia.org/wiki/John_Legend
814,Kelly Osbourne,https://en.wikipedia.org/wiki/Kelly_Osbourne
815,America Ferrera,https://en.wikipedia.org/wiki/America_Ferrera
816,Thomas Middleditch,https://en.wikipedia.org/wiki/Thomas_Middleditch
817,Dave,https://en.wikipedia.org/wiki/Dave_Grohl
818,Virginia Grohl,https://en.wikipedia.org/wiki/Dave_Grohl
819,LL Cool J,https://en.wikipedia.org/wiki/LL_Cool_J
820,Phillipa Soo,https://en.wikipedia.org/wiki/Phillipa_Soo
821,Tom Hanks,https://en.wikipedia.org/wiki/Tom_Hanks
822,Anna Baryshnikov,https://en.wikipedia.org/wiki/Anna_Baryshnikov
823,Chris Pratt,https://en.wikipedia.org/wiki/Chris_Pratt
824,Neil deGrasse Tyson,https://en.wikipedia.org/wiki/Neil_deGrasse_Tyson
825,Amy Schumer,https://en.wikipedia.org/wiki/Amy_Schumer
826,Gabourey Sidibe,https://en.wikipedia.org/wiki/Gabourey_Sidibe
827,Jim Parsons,https://en.wikipedia.org/wiki/Jim_Parsons
828,Jeff Garlin,https://en.wikipedia.org/wiki/Jeff_Garlin
829,Paul Scheer,https://en.wikipedia.org/wiki/Paul_Scheer
830,Charles Barkley,https://en.wikipedia.org/wiki/Charles_Barkley
831,Debra Winger,https://en.wikipedia.org/wiki/Debra_Winger
832,Richard Gere,https://en.wikipedia.org/wiki/Richard_Gere
833,Maria Bamford,https://en.wikipedia.org/wiki/Maria_Bamford
834,Rami Malek,https://en.wikipedia.org/wiki/Rami_Malek
835,Bill Nye,https://en.wikipedia.org/wiki/Bill_Nye
836,Jon Stewart,https://en.wikipedia.org/wiki/Jon_Stewart
837,Samantha Bee,https://en.wikipedia.org/wiki/Samantha_Bee
838,John Oliver,https://en.wikipedia.org/wiki/John_Oliver
839,Ed Helms,https://en.wikipedia.org/wiki/Ed_Helms
840,Rob Corddry,https://en.wikipedia.org/wiki/Rob_Corddry
841,Megan Mullally,https://en.wikipedia.org/wiki/Megan_Mullally
842,Nick Offerman,https://en.wikipedia.org/wiki/Nick_Offerman
843,Seth Meyers,https://en.wikipedia.org/wiki/Seth_Meyers
844,Mayim Bialik,https://en.wikipedia.org/wiki/Mayim_Bialik
845,Andy Karl,https://en.wikipedia.org/wiki/Andy_Karl
846,Tracy Morgan,https://en.wikipedia.org/wiki/Tracy_Morgan
847,Timothy Simons,https://en.wikipedia.org/wiki/Timothy_Simons
848,Danny McBride,https://en.wikipedia.org/wiki/Danny_McBride
849,Jane Krakowski,https://en.wikipedia.org/wiki/Jane_Krakowski
850,Gina Rodriguez,https://en.wikipedia.org/wiki/Gina_Rodriguez
851,Ben Falcone,https://en.wikipedia.org/wiki/Ben_Falcone
852,Julie Chen,https://en.wikipedia.org/wiki/Julie_Chen
853,Matt Walsh,https://en.wikipedia.org/wiki/Matt_Walsh_(comedian)
854,David Ortiz,https://en.wikipedia.org/wiki/David_Ortiz
855,Ricky Gervais,https://en.wikipedia.org/wiki/Ricky_Gervais
856,Corey Hawkins,https://en.wikipedia.org/wiki/Corey_Hawkins
857,Jennifer Garner,https://en.wikipedia.org/wiki/Jennifer_Garner
858,Demetri Martin,https://en.wikipedia.org/wiki/Demetri_Martin
859,Paula Poundstone,https://en.wikipedia.org/wiki/Paula_Poundstone
860,Rachel Maddow,https://en.wikipedia.org/wiki/Rachel_Maddow
861,Ben Platt,https://en.wikipedia.org/wiki/Ben_Platt_(actor)
862,Kevin Spacey,https://en.wikipedia.org/wiki/Kevin_Spacey
863,Terry Crews,https://en.wikipedia.org/wiki/Terry_Crews
864,Rob Huebel,https://en.wikipedia.org/wiki/Rob_Huebel
865,Robin Wright,https://en.wikipedia.org/wiki/Robin_Wright
866,Hannibal Buress,https://en.wikipedia.org/wiki/Hannibal_Buress
867,Oscar Isaac,https://en.wikipedia.org/wiki/Oscar_Isaac
868,Laurie Metcalf,https://en.wikipedia.org/wiki/Laurie_Metcalf
869,April Ryan,https://en.wikipedia.org/wiki/April_Ryan
870,Gordon Ramsay,https://en.wikipedia.org/wiki/Gordon_Ramsay
871,David Sedaris,https://en.wikipedia.org/wiki/David_Sedaris
872,Kevin Hart,https://en.wikipedia.org/wiki/Kevin_Hart
873,Ali Wentworth,https://en.wikipedia.org/wiki/Alexandra_Wentworth
874,Salma Hayek,https://en.wikipedia.org/wiki/Salma_Hayek
875,Hasan Minhaj,https://en.wikipedia.org/wiki/Hasan_Minhaj
876,Tilda Swinton,https://en.wikipedia.org/wiki/Tilda_Swinton
877,Andy Cohen,https://en.wikipedia.orgNone
878,Jordan Klepper,https://en.wikipedia.org/wiki/Jordan_Klepper
879,John Mulaney,https://en.wikipedia.org/wiki/John_Mulaney
880,Richard Branson,https://en.wikipedia.org/wiki/Richard_Branson
881,Jim Gaffigan,https://en.wikipedia.org/wiki/Jim_Gaffigan
882,Anna Chlumsky,https://en.wikipedia.org/wiki/Anna_Chlumsky
883,Uzo Aduba,https://en.wikipedia.org/wiki/Uzo_Aduba
884,T. J. Miller,https://en.wikipedia.org/wiki/T._J._Miller
885,Oliver Stone,https://en.wikipedia.org/wiki/Oliver_Stone
886,Olivia Wilde,https://en.wikipedia.org/wiki/Olivia_Wilde
887,Eddie Izzard,https://en.wikipedia.org/wiki/Eddie_Izzard
888,Trevor Noah,https://en.wikipedia.org/wiki/Trevor_Noah
889,Ilana Glazer,https://en.wikipedia.org/wiki/Ilana_Glazer
890,Sam Richardson,https://en.wikipedia.org/wiki/Sam_Richardson_(actor)
891,Milo Ventimiglia,https://en.wikipedia.org/wiki/Milo_Ventimiglia
892,Judy Greer,https://en.wikipedia.org/wiki/Judy_Greer
893,Scarlett Johansson,https://en.wikipedia.org/wiki/Scarlett_Johansson
894,Bill Burr,https://en.wikipedia.org/wiki/Bill_Burr
895,Seth Rogen,https://en.wikipedia.org/wiki/Seth_Rogen
896,Kumail Nanjiani,https://en.wikipedia.org/wiki/Kumail_Nanjiani
897,Ice Cube,https://en.wikipedia.org/wiki/Ice_Cube
898,Marc Maron,https://en.wikipedia.org/wiki/Marc_Maron
899,Jeffrey Tambor,https://en.wikipedia.org/wiki/Jeffrey_Tambor
900,John Benjamin Hickey,https://en.wikipedia.org/wiki/John_Benjamin_Hickey
901,Michael Keaton,https://en.wikipedia.org/wiki/Michael_Keaton
902,Zoe Kazan,https://en.wikipedia.org/wiki/Zoe_Kazan
903,Eric Stonestreet,https://en.wikipedia.org/wiki/Eric_Stonestreet
904,John McEnroe,https://en.wikipedia.org/wiki/John_McEnroe
905,Josh Duhamel,https://en.wikipedia.org/wiki/Josh_Duhamel
906,Justin Bartha,https://en.wikipedia.org/wiki/Justin_Bartha
907,Brian Greene,https://en.wikipedia.org/wiki/Brian_Greene
908,Naomi Watts,https://en.wikipedia.org/wiki/Naomi_Watts
909,Ari Graynor,https://en.wikipedia.org/wiki/Ari_Graynor
910,Michael Keaton,https://en.wikipedia.org/wiki/Michael_Keaton
911,John McEnroe,https://en.wikipedia.org/wiki/John_McEnroe
912,Woody Harrelson,https://en.wikipedia.org/wiki/Woody_Harrelson
913,Cobie Smulders,https://en.wikipedia.org/wiki/Cobie_Smulders
914,Joe Scarborough,https://en.wikipedia.org/wiki/Joe_Scarborough
915,Mika Brzezinski,https://en.wikipedia.org/wiki/Mika_Brzezinski
916,Andy Serkis,https://en.wikipedia.org/wiki/Andy_Serkis
917,John Oliver,https://en.wikipedia.org/wiki/John_Oliver
918,Mike Birbiglia,https://en.wikipedia.org/wiki/Mike_Birbiglia
919,Michael Showalter,https://en.wikipedia.org/wiki/Michael_Showalter
920,Ashton Kutcher,https://en.wikipedia.org/wiki/Ashton_Kutcher
921,Rob Corddry,https://en.wikipedia.org/wiki/Rob_Corddry
922,John Oliver,https://en.wikipedia.org/wiki/John_Oliver
923,Woody Harrelson,https://en.wikipedia.org/wiki/Woody_Harrelson
924,Al Gore,https://en.wikipedia.org/wiki/Al_Gore
925,Issa Rae,https://en.wikipedia.org/wiki/Issa_Rae
926,Keegan-Michael Key,https://en.wikipedia.org/wiki/Keegan-Michael_Key
927,Cillian Murphy,https://en.wikipedia.org/wiki/Cillian_Murphy
928,James McAvoy,https://en.wikipedia.org/wiki/James_McAvoy
929,Jason Bateman,https://en.wikipedia.org/wiki/Jason_Bateman
930,Kenneth Branagh,https://en.wikipedia.org/wiki/Kenneth_Branagh
931,Cara Delevingne,https://en.wikipedia.org/wiki/Cara_Delevingne
932,Paul Bettany,https://en.wikipedia.org/wiki/Paul_Bettany
933,Laura Benanti,https://en.wikipedia.org/wiki/Laura_Benanti
934,Charlie Rose,https://en.wikipedia.org/wiki/Charlie_Rose
935,Jessica Williams,https://en.wikipedia.org/wiki/Jessica_Williams_(actress)
936,Max Brooks,https://en.wikipedia.org/wiki/Max_Brooks
937,Michael Moore,https://en.wikipedia.org/wiki/Michael_Moore
938,Sutton Foster,https://en.wikipedia.org/wiki/Sutton_Foster
939,Samantha Bee,https://en.wikipedia.org/wiki/Samantha_Bee
940,Gillian Jacobs,https://en.wikipedia.org/wiki/Gillian_Jacobs
941,Charlie Rose,https://en.wikipedia.org/wiki/Charlie_Rose
942,Jessica Williams,https://en.wikipedia.org/wiki/Jessica_Williams_(actress)
943,Matthew McConaughey,https://en.wikipedia.org/wiki/Matthew_McConaughey
944,Vanessa Bayer,https://en.wikipedia.org/wiki/Vanessa_Bayer
945,Senator Al Franken,https://en.wikipedia.org/wiki/Al_Franken
946,Adam Conover,https://en.wikipedia.org/wiki/Adam_Conover
947,Dave Chappelle,https://en.wikipedia.org/wiki/Dave_Chappelle
948,James Van Der Beek,https://en.wikipedia.org/wiki/James_Van_Der_Beek
949,Joe Walsh,https://en.wikipedia.org/wiki/Joe_Walsh
950,Anthony Mackie,https://en.wikipedia.org/wiki/Anthony_Mackie
951,Elizabeth Olsen,https://en.wikipedia.org/wiki/Elizabeth_Olsen
952,Senator Al Franken,https://en.wikipedia.org/wiki/Al_Franken
953,Laura Dern,https://en.wikipedia.org/wiki/Laura_Dern
954,Leah Remini,https://en.wikipedia.org/wiki/Leah_Remini
955,Christoph Waltz,https://en.wikipedia.org/wiki/Christoph_Waltz
956,Chris O'Dowd,https://en.wikipedia.org/wiki/Chris_O%27Dowd
957,Sean Evans,https://en.wikipedia.org/wiki/Sean_Evans_(interviewer)
958,Robert Pattinson,https://en.wikipedia.org/wiki/Robert_Pattinson
959,David Tennant,https://en.wikipedia.org/wiki/David_Tennant
960,Niecy Nash,https://en.wikipedia.org/wiki/Niecy_Nash
961,Millie Bobby Brown,https://en.wikipedia.org/wiki/Millie_Bobby_Brown
962,Jim Jefferies,https://en.wikipedia.org/wiki/Jeff_Bridges
963,Dave Chappelle,https://en.wikipedia.org/wiki/Dave_Chappelle
964,Chris O'Dowd,https://en.wikipedia.org/wiki/Chris_O%27Dowd
965,Anthony Scaramucci,https://en.wikipedia.org/wiki/Anthony_Scaramucci
966,Bob Odenkirk,https://en.wikipedia.org/wiki/Bob_Odenkirk
967,Daniel Craig,https://en.wikipedia.org/wiki/Daniel_Craig
968,Tiffany Haddish,https://en.wikipedia.org/wiki/Tiffany_Haddish
969,Ellie Kemper,https://en.wikipedia.org/wiki/Ellie_Kemper
970,Andrew Dice Clay,https://en.wikipedia.org/wiki/Andrew_Dice_Clay
971,Peter Serafinowicz,https://en.wikipedia.org/wiki/Peter_Serafinowicz
972,John Dickerson,https://en.wikipedia.org/wiki/John_Dickerson_(journalist)
973,Michael Rapaport,https://en.wikipedia.org/wiki/Michael_Rapaport
974,Anthony Scaramucci,https://en.wikipedia.org/wiki/Anthony_Scaramucci
975,Tiffany Haddish,https://en.wikipedia.org/wiki/Tiffany_Haddish
976,Maggie Gyllenhaal,https://en.wikipedia.org/wiki/Maggie_Gyllenhaal
977,Graham Norton,https://en.wikipedia.org/wiki/Graham_Norton
978,Liev Schreiber,https://en.wikipedia.org/wiki/Liev_Schreiber
979,Joe Buck,https://en.wikipedia.org/wiki/Joe_Buck
980,Sonequa Martin-Green,https://en.wikipedia.org/wiki/Sonequa_Martin-Green
981,Senator Bernie Sanders,https://en.wikipedia.org/wiki/Bernie_Sanders
982,Caitriona Balfe,https://en.wikipedia.org/wiki/Caitriona_Balfe
983,Jessica Biel,https://en.wikipedia.org/wiki/Jessica_Biel
984,Sonequa Martin-Green,https://en.wikipedia.org/wiki/Sonequa_Martin-Green
985,Second Anniversary Special,https://en.wikipedia.orgNone
986,Hillary Clinton,https://en.wikipedia.org/wiki/Hillary_Clinton
987,Emma Stone,https://en.wikipedia.org/wiki/Emma_Stone
988,Jeff Bridges,https://en.wikipedia.org/wiki/Jeff_Bridges
989,Senator Jeff Flake,https://en.wikipedia.org/wiki/Jeff_Flake
990,Jim Parsons,https://en.wikipedia.org/wiki/Jim_Parsons
991,Pamela Adlon,https://en.wikipedia.org/wiki/Pamela_Adlon
992,Bobby Moynihan,https://en.wikipedia.org/wiki/Bobby_Moynihan
993,Tatiana Maslany,https://en.wikipedia.org/wiki/Tatiana_Maslany
994,Sterling K. Brown,https://en.wikipedia.org/wiki/Sterling_K._Brown
995,Chance the Rapper,https://en.wikipedia.org/wiki/Chance_the_Rapper
996,Sofía Vergara,https://en.wikipedia.org/wiki/Sof%C3%ADa_Vergara
997,David Boreanaz,https://en.wikipedia.org/wiki/David_Boreanaz
998,Ken Burns,https://en.wikipedia.org/wiki/Ken_Burns
999,Nick Kroll,https://en.wikipedia.org/wiki/Nick_Kroll
1000,Michael Bloomberg,https://en.wikipedia.org/wiki/Michael_Bloomberg
1001,Steve Martin,https://en.wikipedia.org/wiki/Steve_Martin
1002,Mark Feuerstein,https://en.wikipedia.org/wiki/Mark_Feuerstein
1003,Jerry Seinfeld,https://en.wikipedia.org/wiki/Jerry_Seinfeld
1004,Pierce Brosnan,https://en.wikipedia.org/wiki/Pierce_Brosnan
1005,Jason Alexander,https://en.wikipedia.org/wiki/Jason_Alexander
1006,Ta-Nehisi Coates,https://en.wikipedia.org/wiki/Ta-Nehisi_Coates
1007,Michael Weatherly,https://en.wikipedia.org/wiki/Michael_Weatherly
1008,Natasha Leggero,https://en.wikipedia.org/wiki/Natasha_Leggero
1009,Kerry Washington,https://en.wikipedia.org/wiki/Kerry_Washington
1010,Russell Brand,https://en.wikipedia.org/wiki/Russell_Brand
1011,Morgan Freeman,https://en.wikipedia.org/wiki/Morgan_Freeman
1012,Grace Gummer,https://en.wikipedia.org/wiki/Grace_Gummer
1013,Kathy Bates,https://en.wikipedia.org/wiki/Kathy_Bates
1014,Jackie Chan,https://en.wikipedia.org/wiki/Jackie_Chan
1015,Bob Schieffer,https://en.wikipedia.org/wiki/Bob_Schieffer
1016,Tracee Ellis Ross,https://en.wikipedia.org/wiki/Tracee_Ellis_Ross
1017,Luke Evans,https://en.wikipedia.org/wiki/Luke_Evans_(actor)
1018,Andrew Garfield,https://en.wikipedia.org/wiki/Andrew_Garfield
1019,Tracey Ullman,https://en.wikipedia.org/wiki/Tracey_Ullman
1020,Bill Murray,https://en.wikipedia.org/wiki/Bill_Murray
1021,Claire Foy,https://en.wikipedia.org/wiki/Claire_Foy
1022,Conan O'Brien,https://en.wikipedia.org/wiki/Conan_O%27Brien
1023,Tig Notaro,https://en.wikipedia.org/wiki/Tig_Notaro
1024,Anna Faris,https://en.wikipedia.org/wiki/Anna_Faris
1025,Amy Sedaris,https://en.wikipedia.org/wiki/Amy_Sedaris
1026,Jake Tapper,https://en.wikipedia.org/wiki/Jake_Tapper
1027,Shemar Moore,https://en.wikipedia.org/wiki/Shemar_Moore
1028,Hugh Laurie,https://en.wikipedia.org/wiki/Hugh_Laurie
1029,Gretchen Carlson,https://en.wikipedia.org/wiki/Gretchen_Carlson
1030,Julianne Moore,https://en.wikipedia.org/wiki/Julianne_Moore
1031,Jermaine Fowler,https://en.wikipedia.org/wiki/Jermaine_Fowler
1032,Dr. Phil McGraw,https://en.wikipedia.org/wiki/Phil_McGraw
1033,Captain Scott Kelly,https://en.wikipedia.org/wiki/Scott_Kelly_(astronaut)
1034,Billy Eichner,https://en.wikipedia.org/wiki/Billy_Eichner
1035,Anna Camp,https://en.wikipedia.org/wiki/Anna_Camp
1036,Mark Ruffalo,https://en.wikipedia.org/wiki/Mark_Ruffalo
1037,Chris Matthews,https://en.wikipedia.org/wiki/Chris_Matthews
1038,Gilbert Gottfried,https://en.wikipedia.org/wiki/Gilbert_Gottfried
1039,Nicole Kidman,https://en.wikipedia.org/wiki/Nicole_Kidman
1040,Jonathan Groff,https://en.wikipedia.org/wiki/Jonathan_Groff
1041,Whoopi Goldberg,https://en.wikipedia.org/wiki/Whoopi_Goldberg
1042,Kathryn Hahn,https://en.wikipedia.org/wiki/Kathryn_Hahn
1043,Ronan Farrow,https://en.wikipedia.org/wiki/Ronan_Farrow
1044,Walter Isaacson,https://en.wikipedia.org/wiki/Walter_Isaacson
1045,Josh Gad,https://en.wikipedia.org/wiki/Josh_Gad
1046,Lawrence O'Donnell,https://en.wikipedia.org/wiki/Lawrence_O%27Donnell
1047,Derek DelGaudio,https://en.wikipedia.org/wiki/Derek_DelGaudio
1048,Jason Segel,https://en.wikipedia.org/wiki/Jason_Segel
1049,Jeff Fager,https://en.wikipedia.org/wiki/Jeff_Fager
1050,Lesley Stahl,https://en.wikipedia.org/wiki/Lesley_Stahl
1051,Norman Reedus,https://en.wikipedia.org/wiki/Norman_Reedus
1052,Sean Astin,https://en.wikipedia.org/wiki/Sean_Astin
1053,William H. Macy,https://en.wikipedia.org/wiki/William_H._Macy
1054,Jay Pharoah[a],https://en.wikipedia.org/wiki/Jay_Pharoah
1055,John Mulaney,https://en.wikipedia.org/wiki/John_Mulaney
1056,Jason Segel,https://en.wikipedia.org/wiki/Jason_Segel
1057,Joe Biden,https://en.wikipedia.org/wiki/Joe_Biden
1058,Elton John,https://en.wikipedia.org/wiki/Elton_John
1059,Tyler Perry,https://en.wikipedia.org/wiki/Tyler_Perry
1060,Anthony Atamanuik,https://en.wikipedia.org/wiki/Anthony_Atamanuik
1061,John Avlon,https://en.wikipedia.org/wiki/John_Avlon
1062,Jordan Peele,https://en.wikipedia.org/wiki/Jordan_Peele
1063,Alia Shawkat,https://en.wikipedia.org/wiki/Alia_Shawkat
1064,Ben Affleck,https://en.wikipedia.org/wiki/Ben_Affleck
1065,Greta Gerwig,https://en.wikipedia.org/wiki/Greta_Gerwig
1066,Norah O'Donnell,https://en.wikipedia.org/wiki/Norah_O%27Donnell
1067,Senator Elizabeth Warren,https://en.wikipedia.org/wiki/Elizabeth_Warren
1068,Desus,https://en.wikipedia.org/wiki/Desus_%26_Mero
1069,Mero,https://en.wikipedia.orgNone
1070,Gayle King,https://en.wikipedia.org/wiki/Gayle_King
1071,Daveed Diggs,https://en.wikipedia.org/wiki/Daveed_Diggs
1072,John Leguizamo,https://en.wikipedia.org/wiki/John_Leguizamo
1073,Justin Timberlake,https://en.wikipedia.org/wiki/Justin_Timberlake
1074,Carmen Yulín Cruz,https://en.wikipedia.org/wiki/Carmen_Yul%C3%ADn_Cruz
1075,Kate Winslet,https://en.wikipedia.org/wiki/Kate_Winslet
1076,Carol Burnett,https://en.wikipedia.org/wiki/Carol_Burnett
1077,Lewis Black,https://en.wikipedia.org/wiki/Lewis_Black
1078,Billy Bush,https://en.wikipedia.org/wiki/Billy_Bush
1079,Gwendoline Christie,https://en.wikipedia.org/wiki/Gwendoline_Christie
1080,Saoirse Ronan,https://en.wikipedia.org/wiki/Saoirse_Ronan
1081,Van Jones,https://en.wikipedia.org/wiki/Van_Jones
1082,Michelle Wolf,https://en.wikipedia.org/wiki/Michelle_Wolf
1083,Ed Helms,https://en.wikipedia.org/wiki/Ed_Helms
1084,Christopher Jackson,https://en.wikipedia.org/wiki/Christopher_Jackson_(actor)
1085,Sarah Paulson,https://en.wikipedia.org/wiki/Sarah_Paulson
1086,John Hodgman,https://en.wikipedia.org/wiki/John_Hodgman
1087,Mark Hamill,https://en.wikipedia.org/wiki/Mark_Hamill
1088,Bobby Flay,https://en.wikipedia.org/wiki/Bobby_Flay
1089,Matt Damon,https://en.wikipedia.org/wiki/Matt_Damon
1090,Rahm Emanuel,https://en.wikipedia.org/wiki/Rahm_Emanuel
1091,Tom Hanks,https://en.wikipedia.org/wiki/Tom_Hanks
1092,Katy Tur,https://en.wikipedia.org/wiki/Katy_Tur
1093,Nick Jonas,https://en.wikipedia.org/wiki/Nick_Jonas
1094,Dennis Rodman,https://en.wikipedia.org/wiki/Dennis_Rodman
1095,Adam Driver,https://en.wikipedia.org/wiki/Adam_Driver
1096,John Early,https://en.wikipedia.org/wiki/John_Early_(comedian)
1097,Jodie Foster,https://en.wikipedia.org/wiki/Jodie_Foster
1098,Tom Hanks,https://en.wikipedia.org/wiki/Tom_Hanks
1099,Anderson Cooper,https://en.wikipedia.org/wiki/Anderson_Cooper
1100,Maz Jobrani,https://en.wikipedia.org/wiki/Maz_Jobrani
1101,America Ferrera,https://en.wikipedia.org/wiki/America_Ferrera
1102,David Harbour,https://en.wikipedia.org/wiki/David_Harbour
1103,50 Cent,https://en.wikipedia.org/wiki/50_Cent
1104,Rachel Brosnahan,https://en.wikipedia.org/wiki/Rachel_Brosnahan
1105,Neil deGrasse Tyson,https://en.wikipedia.org/wiki/Neil_deGrasse_Tyson
1106,Liam Neeson,https://en.wikipedia.org/wiki/Liam_Neeson
1107,Michael Wolff,https://en.wikipedia.org/wiki/Michael_Pollan
1108,James Franco,https://en.wikipedia.org/wiki/James_Franco
1109,Lena Waithe,https://en.wikipedia.org/wiki/Lena_Waithe
1110,Sarah Jessica Parker,https://en.wikipedia.org/wiki/Sarah_Jessica_Parker
1111,Pete Holmes,https://en.wikipedia.org/wiki/Pete_Holmes
1112,Molly Shannon,https://en.wikipedia.org/wiki/Molly_Shannon
1113,Thomas Lennon,https://en.wikipedia.org/wiki/Thomas_Lennon
1114,Laurie Metcalf,https://en.wikipedia.org/wiki/Laurie_Metcalf
1115,Michael Wolff,https://en.wikipedia.org/wiki/Michael_Pollan
1116,Carly Fleischmann,https://en.wikipedia.org/wiki/Alexis_Ohanian
1117,John Lithgow,https://en.wikipedia.org/wiki/John_Lithgow
1118,Senator Chuck Schumer,https://en.wikipedia.org/wiki/Chuck_Schumer
1119,Jon Bon Jovi,https://en.wikipedia.org/wiki/Jon_Bon_Jovi
1120,Daniel Kaluuya,https://en.wikipedia.org/wiki/Daniel_Kaluuya
1121,Ben Sinclair,https://en.wikipedia.org/wiki/Benicio_del_Toro
1122,Ricky Gervais,https://en.wikipedia.org/wiki/Ricky_Gervais
1123,Matt Czuchry,https://en.wikipedia.org/wiki/Matt_Czuchry
1124,Sharon Stone,https://en.wikipedia.org/wiki/Sharon_Stone
1125,Rob Riggle,https://en.wikipedia.org/wiki/Rob_Riggle
1126,J. K. Simmons,https://en.wikipedia.org/wiki/J._K._Simmons
1127,Pete Holmes,https://en.wikipedia.org/wiki/Pete_Holmes
1128,James Corden,https://en.wikipedia.org/wiki/James_Corden
1129,Ann Curry,https://en.wikipedia.org/wiki/Ann_Curry
1130,John Dickerson,https://en.wikipedia.org/wiki/John_Dickerson_(journalist)
1131,Eugene Levy,https://en.wikipedia.org/wiki/Eugene_Levy
1132,Willem Dafoe,https://en.wikipedia.org/wiki/Willem_Dafoe
1133,RuPaul,https://en.wikipedia.org/wiki/RuPaul
1134,Roy Wood Jr.,https://en.wikipedia.org/wiki/Roy_Wood_Jr.
1135,Gwyneth Paltrow,https://en.wikipedia.org/wiki/Gwyneth_Paltrow
1136,Ben McKenzie,https://en.wikipedia.org/wiki/Ben_McKenzie
1137,Kyle MacLachlan,https://en.wikipedia.org/wiki/Kyle_MacLachlan
1138,Deon Cole,https://en.wikipedia.org/wiki/Deon_Cole
1139,Julie Chen,https://en.wikipedia.org/wiki/Julie_Chen
1140,Joel Kinnaman,https://en.wikipedia.org/wiki/Joel_Kinnaman
1141,Jon Favreau,https://en.wikipedia.org/wiki/Jon_Favreau_(speechwriter)
1142,Jon Lovett,https://en.wikipedia.org/wiki/Jon_Lovett
1143,Tommy Vietor,https://en.wikipedia.org/wiki/Tommy_Vietor
1144,Jessica Williams,https://en.wikipedia.org/wiki/Jessica_Williams_(actress)
1145,Phoebe Robinson,https://en.wikipedia.org/wiki/Phoebe_Robinson
1146,Rose McGowan,https://en.wikipedia.org/wiki/Rose_McGowan
1147,Senator Rand Paul,https://en.wikipedia.org/wiki/Rand_Paul
1148,Michael Shannon,https://en.wikipedia.org/wiki/Michael_Shannon
1149,Meghan McCain,https://en.wikipedia.org/wiki/Meghan_McCain
1150,Uma Thurman,https://en.wikipedia.org/wiki/Uma_Thurman
1151,Michael Shannon,https://en.wikipedia.org/wiki/Michael_Shannon
1152,Claire Danes,https://en.wikipedia.org/wiki/Claire_Danes
1153,Bernadette Peters,https://en.wikipedia.org/wiki/Bernadette_Peters
1154,Wanda Sykes,https://en.wikipedia.org/wiki/Wanda_Sykes
1155,Thomas Haden Church,https://en.wikipedia.org/wiki/Thomas_Haden_Church
1156,June Diane Raphael,https://en.wikipedia.org/wiki/June_Diane_Raphael
1157,John Oliver,https://en.wikipedia.org/wiki/John_Oliver
1158,Beanie Feldstein,https://en.wikipedia.org/wiki/Beanie_Feldstein
1159,Joel McHale,https://en.wikipedia.org/wiki/Joel_McHale
1160,Yara Shahidi,https://en.wikipedia.org/wiki/Yara_Shahidi
1161,John Oliver,https://en.wikipedia.org/wiki/John_Oliver
1162,Nathan Lane,https://en.wikipedia.org/wiki/Nathan_Lane
1163,Senator Kirsten Gillibrand,https://en.wikipedia.org/wiki/Kirsten_Gillibrand
1164,Chris Gethard,https://en.wikipedia.org/wiki/Chris_Gethard
1165,Sam Rockwell,https://en.wikipedia.org/wiki/Sam_Rockwell
1166,J. J. Abrams,https://en.wikipedia.org/wiki/J._J._Abrams
1167,Christine Baranski,https://en.wikipedia.org/wiki/Christine_Baranski
1168,Constance Zimmer,https://en.wikipedia.org/wiki/Constance_Zimmer
1169,Jennifer Lawrence,https://en.wikipedia.org/wiki/Jennifer_Lawrence
1170,Patton Oswalt,https://en.wikipedia.org/wiki/Patton_Oswalt
1171,Kiefer Sutherland,https://en.wikipedia.org/wiki/Kiefer_Sutherland
1172,Zoe Lister-Jones,https://en.wikipedia.org/wiki/Zoe_Lister-Jones
1173,John McWhorter,https://en.wikipedia.org/wiki/John_McWhorter
1174,Donald Glover,https://en.wikipedia.org/wiki/Donald_Glover
1175,Omarosa Manigault,https://en.wikipedia.org/wiki/Omarosa_Manigault
1176,Jeff Daniels,https://en.wikipedia.org/wiki/Jeff_Daniels
1177,Krysten Ritter,https://en.wikipedia.org/wiki/Krysten_Ritter
1178,Steve Buscemi,https://en.wikipedia.org/wiki/Steve_Buscemi
1179,Sebastian Maniscalco,https://en.wikipedia.org/wiki/Sebastian_Maniscalco
1180,David Oyelowo,https://en.wikipedia.org/wiki/David_Oyelowo
1181,Chelsea Clinton,https://en.wikipedia.org/wiki/Chelsea_Clinton
1182,Martha Stewart,https://en.wikipedia.org/wiki/Martha_Stewart
1183,Oprah Winfrey,https://en.wikipedia.org/wiki/Oprah_Winfrey
1184,Justin Hartley,https://en.wikipedia.org/wiki/Justin_Hartley
1185,Reese Witherspoon,https://en.wikipedia.org/wiki/Reese_Witherspoon
1186,Adam Rippon,https://en.wikipedia.org/wiki/Adam_Rippon
1187,Mindy Kaling,https://en.wikipedia.org/wiki/Mindy_Kaling
1188,Chris Hayes,https://en.wikipedia.org/wiki/Chris_Hayes
1189,Helen Mirren,https://en.wikipedia.org/wiki/Helen_Mirren
1190,David Byrne,https://en.wikipedia.org/wiki/David_Byrne
1191,Tom Brady,https://en.wikipedia.org/wiki/Tom_Brady
1192,Angela Bassett,https://en.wikipedia.org/wiki/Angela_Bassett
1193,Jimmy O. Yang,https://en.wikipedia.org/wiki/Jimmy_O._Yang
1194,Paul Giamatti,https://en.wikipedia.org/wiki/Paul_Giamatti
1195,Sean Bean,https://en.wikipedia.org/wiki/Sean_Bean
1196,Drew Barrymore,https://en.wikipedia.org/wiki/Drew_Barrymore
1197,Adam DeVine,https://en.wikipedia.org/wiki/Adam_DeVine
1198,Hilary Swank,https://en.wikipedia.org/wiki/Hilary_Swank
1199,Thomas Middleditch,https://en.wikipedia.org/wiki/Thomas_Middleditch
1200,Keri Russell,https://en.wikipedia.org/wiki/Keri_Russell
1201,Matthew Rhys,https://en.wikipedia.org/wiki/Matthew_Rhys
1202,Mindy Kaling,https://en.wikipedia.org/wiki/Mindy_Kaling
1203,Sean Penn,https://en.wikipedia.org/wiki/Sean_Penn
1204,Sara Gilbert,https://en.wikipedia.org/wiki/Sara_Gilbert
1205,Samantha Bee,https://en.wikipedia.org/wiki/Samantha_Bee
1206,Leslie Odom Jr.,https://en.wikipedia.org/wiki/Leslie_Odom_Jr.
1207,Tom Segura,https://en.wikipedia.org/wiki/Tom_Segura
1208,Dana Carvey,https://en.wikipedia.org/wiki/Dana_Carvey
1209,Simon Pegg,https://en.wikipedia.org/wiki/Simon_Pegg
1210,Emily Blunt,https://en.wikipedia.org/wiki/Emily_Blunt
1211,John Heilemann,https://en.wikipedia.org/wiki/John_Heilemann
1212,Alex Wagner,https://en.wikipedia.org/wiki/Alex_Wagner
1213,Bryan Cranston,https://en.wikipedia.org/wiki/Bryan_Cranston
1214,Jimmy Carter,https://en.wikipedia.org/wiki/Jimmy_Carter
1215,Amy Schumer,https://en.wikipedia.org/wiki/Amy_Schumer
1216,Madeleine Albright,https://en.wikipedia.org/wiki/Madeleine_Albright
1217,James Spader,https://en.wikipedia.org/wiki/James_Spader
1218,Katie Couric,https://en.wikipedia.org/wiki/Katie_Couric
1219,Louie Anderson,https://en.wikipedia.org/wiki/Louie_Anderson
1220,Martin Short,https://en.wikipedia.org/wiki/Martin_Short
1221,Aisha Tyler,https://en.wikipedia.org/wiki/Aisha_Tyler
1222,Diane Sawyer,https://en.wikipedia.org/wiki/Diane_Sawyer
1223,Joshua Jackson,https://en.wikipedia.org/wiki/Joshua_Jackson
1224,Aubrey Plaza,https://en.wikipedia.org/wiki/Aubrey_Plaza
1225,John Dickerson,https://en.wikipedia.org/wiki/John_Dickerson_(journalist)
1226,Charlamagne tha God,https://en.wikipedia.org/wiki/Charlamagne_tha_God
1227,Nell Scovell,https://en.wikipedia.org/wiki/Nell_Scovell
1228,James Comey,https://en.wikipedia.org/wiki/James_Comey
1229,Cynthia Nixon,https://en.wikipedia.org/wiki/Cynthia_Nixon
1230,Alan Cumming,https://en.wikipedia.org/wiki/Alan_Cumming
1231,Antonio Banderas,https://en.wikipedia.org/wiki/Antonio_Banderas
1232,Senator Kamala Harris,https://en.wikipedia.org/wiki/Kamala_Harris
1233,James Marsden,https://en.wikipedia.org/wiki/James_Marsden
1234,Coyote Peterson,https://en.wikipedia.org/wiki/Coyote_Peterson
1235,Jeffrey Wright,https://en.wikipedia.org/wiki/Jeffrey_Wright
1236,Ali Wentworth,https://en.wikipedia.org/wiki/Ali_Wentworth
1237,Hank Azaria,https://en.wikipedia.org/wiki/Hank_Azaria
1238,Ronan Farrow,https://en.wikipedia.org/wiki/Ronan_Farrow
1239,Lucy Liu,https://en.wikipedia.org/wiki/Lucy_Liu
1240,Henry Winkler,https://en.wikipedia.org/wiki/Henry_Winkler
1241,Rachel Weisz,https://en.wikipedia.org/wiki/Rachel_Weisz
1242,Ann Dowd,https://en.wikipedia.org/wiki/Ann_Dowd
1243,Mandy Patinkin,https://en.wikipedia.org/wiki/Mandy_Patinkin
1244,H. Jon Benjamin,https://en.wikipedia.org/wiki/H._Jon_Benjamin
1245,David Duchovny,https://en.wikipedia.org/wiki/David_Duchovny
1246,Margaret Brennan,https://en.wikipedia.org/wiki/Margaret_Brennan
1247,Robert Smigel,https://en.wikipedia.org/wiki/Robert_Smigel
1248,Helen Hunt,https://en.wikipedia.org/wiki/Helen_Hunt
1249,Kevin Smith,https://en.wikipedia.org/wiki/Kevin_Smith
1250,Jim Gaffigan,https://en.wikipedia.org/wiki/Jim_Gaffigan
1251,Michael Avenatti,https://en.wikipedia.org/wiki/Michael_Avenatti
1252,David Chang,https://en.wikipedia.org/wiki/David_Chang
1253,Charlize Theron,https://en.wikipedia.org/wiki/Charlize_Theron
1254,Ron Howard,https://en.wikipedia.org/wiki/Ron_Howard
1255,Chris O'Donnell,https://en.wikipedia.org/wiki/Chris_O%27Donnell
1256,Jack White,https://en.wikipedia.org/wiki/Jack_White
1257,Jim Parsons,https://en.wikipedia.org/wiki/Jim_Parsons
1258,Alexis Ohanian,https://en.wikipedia.org/wiki/Alexis_Ohanian
1259,Michael B. Jordan,https://en.wikipedia.org/wiki/Michael_B._Jordan
1260,Matt Walsh,https://en.wikipedia.org/wiki/Matt_Walsh_(comedian)
1261,Gayle King,https://en.wikipedia.org/wiki/Gayle_King
1262,Anna Wintour,https://en.wikipedia.org/wiki/Anna_Wintour
1263,Annette Bening,https://en.wikipedia.org/wiki/Annette_Bening
1264,Wyatt Cenac,https://en.wikipedia.org/wiki/Wyatt_Cenac
1265,Melissa McCarthy,https://en.wikipedia.org/wiki/Melissa_McCarthy
1266,Mayim Bialik,https://en.wikipedia.org/wiki/Mayim_Bialik
1267,Anthony Anderson,https://en.wikipedia.org/wiki/Anthony_Anderson
1268,Glenda Jackson,https://en.wikipedia.org/wiki/Glenda_Jackson
1269,Michael Pollan,https://en.wikipedia.org/wiki/Michael_Pollan
1270,Jamie Foxx,https://en.wikipedia.org/wiki/Jamie_Foxx
1271,Chadwick Boseman,https://en.wikipedia.org/wiki/Chadwick_Boseman
1272,Jake Tapper,https://en.wikipedia.org/wiki/Jake_Tapper
1273,Benedict Cumberbatch,https://en.wikipedia.org/wiki/Benedict_Cumberbatch
1274,Zachary Quinto,https://en.wikipedia.org/wiki/Zachary_Quinto
1275,Vanessa Bayer,https://en.wikipedia.org/wiki/Vanessa_Bayer
1276,Dean Baquet,https://en.wikipedia.org/wiki/Dean_Baquet
1277,Andrew Garfield,https://en.wikipedia.org/wiki/Andrew_Garfield
1278,David Cross,https://en.wikipedia.org/wiki/David_Cross
1279,Jason Bateman,https://en.wikipedia.org/wiki/Jason_Bateman
1280,Stephen King,https://en.wikipedia.org/wiki/Stephen_King
1281,Anne Hathaway,https://en.wikipedia.org/wiki/Anne_Hathaway
1282,David Sedaris,https://en.wikipedia.org/wiki/David_Sedaris
1283,Ethan Hawke,https://en.wikipedia.org/wiki/Ethan_Hawke
1284,Toni Collette,https://en.wikipedia.org/wiki/Toni_Collette
1285,Bill Clinton,https://en.wikipedia.org/wiki/Bill_Clinton
1286,James Patterson,https://en.wikipedia.org/wiki/James_Patterson
1287,Tig Notaro,https://en.wikipedia.org/wiki/Tig_Notaro
1288,Mandy Moore,https://en.wikipedia.org/wiki/Mandy_Moore
1289,Sara Bareilles,https://en.wikipedia.org/wiki/Sara_Bareilles
1290,Josh Groban,https://en.wikipedia.org/wiki/Josh_Groban
1291,Nick Offerman,https://en.wikipedia.org/wiki/Nick_Offerman
1292,Niecy Nash,https://en.wikipedia.org/wiki/Niecy_Nash
1293,Jeff Glor,https://en.wikipedia.org/wiki/Jeff_Glor
1294,David Koechner,https://en.wikipedia.org/wiki/David_Koechner
1295,Chris Matthews,https://en.wikipedia.org/wiki/Chris_Matthews
1296,Alicia Silverstone,https://en.wikipedia.org/wiki/Alicia_Silverstone
1297,Ed Helms,https://en.wikipedia.org/wiki/Ed_Helms
1298,Michael K. Williams,https://en.wikipedia.org/wiki/Michael_K._Williams
1299,Tom Papa,https://en.wikipedia.org/wiki/Tom_Papa
1300,Anthony Scaramucci,https://en.wikipedia.org/wiki/Anthony_Scaramucci
1301,Michael Avenatti,https://en.wikipedia.org/wiki/Michael_Avenatti
1302,Natalie Portman,https://en.wikipedia.org/wiki/Natalie_Portman
1303,Marc Maron,https://en.wikipedia.org/wiki/Marc_Maron
1304,Thandie Newton,https://en.wikipedia.org/wiki/Thandie_Newton
1305,Betty Gilpin,https://en.wikipedia.org/wiki/Betty_Gilpin
1306,Benicio del Toro,https://en.wikipedia.org/wiki/Benicio_del_Toro
1307,Alison Brie,https://en.wikipedia.org/wiki/Alison_Brie
1308,Robin Thede,https://en.wikipedia.org/wiki/Robin_Thede
1309,Josh Brolin,https://en.wikipedia.org/wiki/Josh_Brolin
1310,Ruth Negga,https://en.wikipedia.org/wiki/Ruth_Negga
1311,Trevor Noah,https://en.wikipedia.org/wiki/Trevor_Noah
1312,Liza Koshy,https://en.wikipedia.org/wiki/Liza_Koshy
1313,Don Lemon,https://en.wikipedia.org/wiki/Don_Lemon
1314,Mike Colter,https://en.wikipedia.org/wiki/Mike_Colter
1315,Seth Rogen,https://en.wikipedia.org/wiki/Seth_Rogen
1316,Jessica Chastain,https://en.wikipedia.org/wiki/Jessica_Chastain
1317,Romesh Ranganathan,https://en.wikipedia.org/wiki/Romesh_Ranganathan
1318,Scott Rogowsky,https://en.wikipedia.org/wiki/Scott_Rogowsky
1319,Hugh Grant,https://en.wikipedia.org/wiki/Hugh_Grant
1320,Margaret Hoover,https://en.wikipedia.org/wiki/Margaret_Hoover
1321,Paul Rudd,https://en.wikipedia.org/wiki/Paul_Rudd
1322,Ken Jeong,https://en.wikipedia.org/wiki/Ken_Jeong
1323,Michael Moore,https://en.wikipedia.org/wiki/Michael_Moore
1324,Eric Andre,https://en.wikipedia.org/wiki/Eric_Andre
1325,Derrick Beckles,https://en.wikipedia.org/wiki/Derrick_Beckles
1326,Alexandria Ocasio-Cortez,https://en.wikipedia.org/wiki/Alexandria_Ocasio-Cortez
1327,Gordon Ramsay,https://en.wikipedia.org/wiki/Gordon_Ramsay
1328,Andrew Rannells,https://en.wikipedia.org/wiki/Andrew_Rannells
1329,Will Arnett,https://en.wikipedia.org/wiki/Will_Arnett
1330,Neve Campbell,https://en.wikipedia.org/wiki/Neve_Campbell
1331,Dwayne Johnson,https://en.wikipedia.org/wiki/Dwayne_Johnson
1332,Lawrence O'Donnell,https://en.wikipedia.org/wiki/Lawrence_O%27Donnell
1333,Liv Tyler,https://en.wikipedia.org/wiki/Liv_Tyler
1334,Carey Mulligan,https://en.wikipedia.org/wiki/Carey_Mulligan
1335,Armie Hammer,https://en.wikipedia.org/wiki/Armie_Hammer
1336,Colleen Ballinger,https://en.wikipedia.org/wiki/Colleen_Ballinger
1337,Paula Poundstone,https://en.wikipedia.org/wiki/Paula_Poundstone
1338,Chrissy Metz,https://en.wikipedia.org/wiki/Chrissy_Metz
1339,Lewis Black,https://en.wikipedia.org/wiki/Lewis_Black
1340,Anderson Cooper,https://en.wikipedia.org/wiki/Anderson_Cooper
1341,Andy Cohen,https://en.wikipedia.orgNone
1342,Dominic Cooper,https://en.wikipedia.org/wiki/Dominic_Cooper
1343,Denzel Washington,https://en.wikipedia.org/wiki/Denzel_Washington
1344,Representative Joe Kennedy III,https://en.wikipedia.org/wiki/Joe_Kennedy_III
1345,Janelle Monáe,https://en.wikipedia.org/wiki/Janelle_Mon%C3%A1e
1346,Eric Holder,https://en.wikipedia.org/wiki/Eric_Holder
1347,John Cleese,https://en.wikipedia.org/wiki/John_Cleese
1348,Michael McFaul,https://en.wikipedia.org/wiki/Michael_McFaul
1349,Tatiana Maslany,https://en.wikipedia.org/wiki/Tatiana_Maslany
1350,Brian Huskey,https://en.wikipedia.org/wiki/Brian_Huskey
1351,John Dickerson,https://en.wikipedia.org/wiki/John_Dickerson_(journalist)
1352,Michaela Watkins,https://en.wikipedia.org/wiki/Michaela_Watkins
1353,Jake Tapper,https://en.wikipedia.org/wiki/Jake_Tapper
1354,Michael Peña,https://en.wikipedia.org/wiki/Michael_Pe%C3%B1a
1355,Laura Linney,https://en.wikipedia.org/wiki/Laura_Linney
1356,Judd Apatow,https://en.wikipedia.org/wiki/Judd_Apatow
1357,Jace Norman,https://en.wikipedia.org/wiki/Jace_Norman
1358,Paul Giamatti,https://en.wikipedia.org/wiki/Paul_Giamatti
1359,Ronda Rousey,https://en.wikipedia.org/wiki/Ronda_Rousey
1360,Paul Mecurio,https://en.wikipedia.org/wiki/Paul_Mecurio
1361,Ewan McGregor,https://en.wikipedia.org/wiki/Ewan_McGregor
1362,Adam Pally,https://en.wikipedia.org/wiki/Adam_Pally
1363,Chloë Grace Moretz,https://en.wikipedia.org/wiki/Chlo%C3%AB_Grace_Moretz
1364,Bobcat Goldthwait,https://en.wikipedia.org/wiki/Bobcat_Goldthwait
1365,Rob Reiner,https://en.wikipedia.org/wiki/Rob_Reiner
1366,Chris Hayes,https://en.wikipedia.org/wiki/Chris_Hayes
1367,Rob Corddry,https://en.wikipedia.org/wiki/Rob_Corddry
1368,Joe Manganiello,https://en.wikipedia.org/wiki/Joe_Manganiello
1369,Senator Cory Booker,https://en.wikipedia.org/wiki/Cory_Booker
1370,Jim Acosta,https://en.wikipedia.org/wiki/Jim_Acosta
1371,Nina Dobrev,https://en.wikipedia.org/wiki/Nina_Dobrev
1372,Issa Rae,https://en.wikipedia.org/wiki/Issa_Rae
1373,Darren Criss,https://en.wikipedia.org/wiki/Darren_Criss
1374,Ronny Chieng,https://en.wikipedia.org/wiki/Ronny_Chieng
1375,Nicki Minaj,https://en.wikipedia.org/wiki/Nicki_Minaj
1376,Guy Pearce,https://en.wikipedia.org/wiki/Guy_Pearce
1377,Mark Wahlberg,https://en.wikipedia.org/wiki/Mark_Wahlberg
1378,Senator Bernie Sanders,https://en.wikipedia.org/wiki/Bernie_Sanders
1379,Jessica Biel,https://en.wikipedia.org/wiki/Jessica_Biel
1380,W. Kamau Bell,https://en.wikipedia.org/wiki/W._Kamau_Bell
1381,Tommy Vietor,https://en.wikipedia.org/wiki/Tommy_Vietor
1382,Jon Favreau,https://en.wikipedia.org/wiki/Jon_Favreau_(speechwriter)
1383,Jon Lovett,https://en.wikipedia.org/wiki/Jon_Lovett
1384,Constance Wu,https://en.wikipedia.org/wiki/Constance_Wu
1385,John Krasinski,https://en.wikipedia.org/wiki/John_Krasinski
1386,Yvonne Orji,https://en.wikipedia.org/wiki/Yvonne_Orji
1387,Rob Lowe,https://en.wikipedia.org/wiki/Rob_Lowe
1388,John Kerry,https://en.wikipedia.org/wiki/John_Kerry
1389,Emma Thompson,https://en.wikipedia.org/wiki/Emma_Thompson
1390,Troye Sivan,https://en.wikipedia.org/wiki/Troye_Sivan
1391,Sharon Osbourne,https://en.wikipedia.org/wiki/Sharon_Osbourne
1392,Bob Woodward,https://en.wikipedia.org/wiki/Bob_Woodward
1393,Neil deGrasse Tyson,https://en.wikipedia.org/wiki/Neil_deGrasse_Tyson
1394,Michael Rapaport,https://en.wikipedia.org/wiki/Michael_Rapaport
1395,Keira Knightley,https://en.wikipedia.org/wiki/Keira_Knightley
1396,Representative Beto O'Rourke,https://en.wikipedia.org/wiki/Beto_O%27Rourke
1397,Martha Stewart,https://en.wikipedia.org/wiki/Martha_Stewart
1398,John Heilemann,https://en.wikipedia.org/wiki/John_Heilemann
1399,Alex Wagner,https://en.wikipedia.org/wiki/Alex_Wagner
1400,Judy Greer,https://en.wikipedia.org/wiki/Judy_Greer
1401,Anna Kendrick,https://en.wikipedia.org/wiki/Anna_Kendrick
1402,"""Admit It",https://en.wikipedia.orgNone
1403,"You Forgot This Happened""",https://en.wikipedia.orgNone
1404,Jane Fonda,https://en.wikipedia.org/wiki/Jane_Fonda
1405,Willie Nelson,https://en.wikipedia.org/wiki/Willie_Nelson
1406,Tiffany Haddish,https://en.wikipedia.org/wiki/Tiffany_Haddish
1407,Iain Armitage,https://en.wikipedia.org/wiki/Iain_Armitage
1408,Hillary Rodham Clinton,https://en.wikipedia.org/wiki/Hillary_Clinton
1409,Emma Stone,https://en.wikipedia.org/wiki/Emma_Stone
1410,Bret McKenzie,https://en.wikipedia.org/wiki/Bret_McKenzie
1411,Jemaine Clement,https://en.wikipedia.org/wiki/Jemaine_Clement
1412,America Ferrera,https://en.wikipedia.org/wiki/America_Ferrera
1413,Nas,https://en.wikipedia.org/wiki/Nas
1414,Candice Bergen,https://en.wikipedia.org/wiki/Candice_Bergen
1415,Jacinda Ardern,https://en.wikipedia.org/wiki/Jacinda_Ardern
1416,Jeff Bridges,https://en.wikipedia.org/wiki/Jeff_Bridges
1417,Cedric the Entertainer,https://en.wikipedia.org/wiki/Cedric_the_Entertainer
1418,Kristen Bell,https://en.wikipedia.org/wiki/Kristen_Bell
1419,Mark Leibovich,https://en.wikipedia.org/wiki/Mark_Leibovich
1420,Jake Tapper,https://en.wikipedia.org/wiki/Jake_Tapper
1421,Eric Idle,https://en.wikipedia.org/wiki/Eric_Idle
1422,Eva Longoria,https://en.wikipedia.org/wiki/Eva_Longoria
1423,Damon Wayans Jr.,https://en.wikipedia.org/wiki/Damon_Wayans_Jr.
1424,Steve Kornacki,https://en.wikipedia.org/wiki/Steve_Kornacki
1425,Nick Kroll,https://en.wikipedia.org/wiki/Nick_Kroll
1426,Jodie Whittaker,https://en.wikipedia.org/wiki/Jodie_Whittaker
1427,Lady Gaga,https://en.wikipedia.org/wiki/Lady_Gaga
1428,Ellie Kemper,https://en.wikipedia.org/wiki/Ellie_Kemper
1429,Sam Elliott,https://en.wikipedia.org/wiki/Sam_Elliott
1430,Melissa McCarthy,https://en.wikipedia.org/wiki/Melissa_McCarthy
1431,Phoebe Robinson,https://en.wikipedia.org/wiki/Phoebe_Robinson
1432,Lin-Manuel Miranda,https://en.wikipedia.org/wiki/Lin-Manuel_Miranda
1433,Brooke Baldwin,https://en.wikipedia.org/wiki/Brooke_Baldwin
1434,Peter Dinklage,https://en.wikipedia.org/wiki/Peter_Dinklage
1435,Busy Philipps,https://en.wikipedia.org/wiki/Busy_Philipps
1436,Joe Scarborough,https://en.wikipedia.org/wiki/Joe_Scarborough
1437,Mika Brzezinski,https://en.wikipedia.org/wiki/Mika_Brzezinski
1438,Laura Benanti,https://en.wikipedia.org/wiki/Laura_Benanti
1439,Robin Wright,https://en.wikipedia.org/wiki/Robin_Wright
1440,Melissa McCarthy,https://en.wikipedia.org/wiki/Melissa_McCarthy
1441,Sarah Silverman,https://en.wikipedia.org/wiki/Sarah_Silverman
1442,Scott Bakula,https://en.wikipedia.org/wiki/Scott_Bakula
1443,Jon Favreau,https://en.wikipedia.org/wiki/Jon_Favreau_(speechwriter)
1444,Jon Lovett,https://en.wikipedia.org/wiki/Jon_Lovett
1445,Tommy Vietor,https://en.wikipedia.org/wiki/Tommy_Vietor
1446,Charlamagne tha God,https://en.wikipedia.org/wiki/Charlamagne_tha_God
1447,Gerard Butler,https://en.wikipedia.org/wiki/Gerard_Butler
1448,Rowan Atkinson,https://en.wikipedia.org/wiki/Rowan_Atkinson
1449,Ina Garten,https://en.wikipedia.org/wiki/Ina_Garten
1450,Gayle King,https://en.wikipedia.org/wiki/Gayle_King
1451,Dr. Phil McGraw,https://en.wikipedia.org/wiki/Phil_McGraw
1452,Kayli Carter,https://en.wikipedia.org/wiki/Kayli_Carter
1453,Kerry Washington,https://en.wikipedia.org/wiki/Kerry_Washington
1454,Taylor Mac,https://en.wikipedia.org/wiki/Taylor_Mac
1455,Sarah Jessica Parker,https://en.wikipedia.org/wiki/Sarah_Jessica_Parker
1456,Representative Nancy Pelosi,https://en.wikipedia.org/wiki/Nancy_Pelosi
1457,Mike Myers,https://en.wikipedia.org/wiki/Mike_Myers
1458,Christiane Amanpour,https://en.wikipedia.org/wiki/Christiane_Amanpour
1459,Chris Wallace,https://en.wikipedia.org/wiki/Chris_Wallace
1460,Cole Sprouse,https://en.wikipedia.org/wiki/Cole_Sprouse
1461,Billy Eichner,https://en.wikipedia.org/wiki/Billy_Eichner
1462,TBA,https://en.wikipedia.orgNone
1463,TBA,https://en.wikipedia.orgNone
1464,TBA,https://en.wikipedia.orgNone
1465,TBA,https://en.wikipedia.orgNone
1466,TBA,https://en.wikipedia.orgNone
