,episode_no,episode_date,guest_list
0,1,"September 8, 2015","['George Clooney', 'Governor Jeb Bush']"
1,2,"September 9, 2015","['Scarlett Johansson', 'Elon Musk']"
2,3,"September 10, 2015","['Vice President Joe Biden', 'Travis Kalanick']"
3,4,"September 11, 2015","['Amy Schumer', 'Stephen King']"
4,5,"September 14, 2015","['Emily Blunt', 'Justice Stephen Breyer']"
5,6,"September 15, 2015","['Jake Gyllenhaal', 'Tim Cook']"
6,7,"September 16, 2015","['Kevin Spacey', 'Carol Burnett']"
7,8,"September 17, 2015","['Trevor Noah', 'Secretary-General Ban Ki-moon']"
8,9,"September 18, 2015","[""Lupita Nyong'o"", 'Senator Bernie Sanders', 'Christopher Wheeldon']"
9,10,"September 21, 2015","['Stephen Curry', 'Senator Ted Cruz']"
10,11,"September 22, 2015","['Donald Trump', 'Dr. Ernest Moniz']"
11,12,"September 23, 2015","['Hugh Jackman with Hugh Evans', 'Senator Elizabeth Warren']"
12,13,"September 24, 2015","['Jim Gaffigan', 'Maria Shriver', 'Andrew Sullivan', 'Archbishop Thomas Wenski']"
13,14,"September 25, 2015","['Malala Yousafzai', 'Kerry Washington']"
14,15,"September 28, 2015","['First Lady Michelle Obama', 'John Legend']"
15,16,"September 29, 2015","['Ellen Page', 'Jesse Eisenberg']"
16,17,"September 30, 2015","['John Oliver', 'Evan Spiegel', 'Bill Withers', 'Ed Sheeran']"
17,18,"October 1, 2015","['Secretary of State John Kerry', 'Claire Danes', 'PewDiePie']"
18,19,"October 2, 2015","['Morgan Freeman', 'Ruth Wilson']"
19,20,"October 5, 2015","['Senator John McCain', 'Misty Copeland']"
20,21,"October 6, 2015","['Bill Clinton', 'Billy Eichner']"
21,22,"October 7, 2015","['Gina Rodriguez', 'Ben Bernanke']"
22,23,"October 8, 2015","['Cate Blanchett', 'Brian Chesky']"
23,24,"October 9, 2015","['James Corden', 'Shane Smith']"
24,25,"October 12, 2015","['Carey Mulligan', 'Elvis Costello']"
25,26,"October 13, 2015","['Sarah Silverman', 'Elijah Wood']"
26,27,"October 14, 2015","['Jack Black', 'Nick Woodman']"
27,28,"October 15, 2015","['Oprah Winfrey', 'Joseph Fink', 'Jeffrey Cranor']"
28,29,"October 16, 2015","['Jimmy Kimmel', 'Guillermo del Toro', 'Jessica Chastain', 'Tom Hiddleston', 'Mia Wasikowska']"
29,30,"October 26, 2015","['Sienna Miller', 'Melissa Benoist']"
30,31,"October 27, 2015","['Hillary Clinton', 'Anthony Bourdain', 'Carrie Brownstein']"
31,32,"October 28, 2015","['Julianna Margulies', 'Jonathan Franzen']"
32,33,"October 29, 2015","['Seth MacFarlane', 'Neil deGrasse Tyson']"
33,34,"October 30, 2015","['Charlie Rose', 'Stacy Schiff']"
34,35,"November 2, 2015","['Allison Janney', 'Colin Quinn']"
35,36,"November 3, 2015","['Antonio Banderas', 'Reed Hastings', 'John Irving']"
36,37,"November 4, 2015","['Daniel Craig', 'Elizabeth Gilbert', 'Dr. Eugenia Cheng']"
37,38,"November 5, 2015",['Bryan Cranston']
38,39,"November 6, 2015","['Whoopi Goldberg', 'Governor John Kasich']"
39,40,"November 9, 2015","['Ethan Hawke', 'Senator Claire McCaskill', 'Senator Amy Klobuchar']"
40,41,"November 10, 2015","['Aziz Ansari', 'Shonda Rhimes', 'Bruce Campbell', 'Lucy Lawless']"
41,42,"November 11, 2015","['Viola Davis', 'Brian Greene']"
42,43,"November 12, 2015","['Jennifer Connelly', 'Judd Apatow']"
43,44,"November 13, 2015","['Mark Ruffalo', 'John Cleese']"
44,45,"November 16, 2015","['Jack H. Jacobs', 'Bill Maher', 'Florent Groberg', 'Shepard Fairey']"
45,46,"November 17, 2015","['Julianne Moore', 'Burt Reynolds']"
46,47,"November 18, 2015","['Sharon Stone', 'Justin Theroux']"
47,48,"November 19, 2015","['Jane Fonda', 'Andrew Lloyd Webber']"
48,49,"November 20, 2015","['Michael Caine', 'Larry Wilmore']"
49,50,"November 23, 2015","['Sylvester Stallone', 'Ted Koppel']"
50,51,"November 24, 2015","['Spike Lee', 'Andy Cohen', 'Carly Simon']"
51,52,"November 25, 2015","['Gloria Estefan', 'Eric Greitens', 'Jake Wood', 'Daniel Boulud']"
52,53,"December 7, 2015","['Steve Carell', 'Jennifer Hudson']"
53,54,"December 8, 2015","['Marion Cotillard', 'George Saunders']"
54,55,"December 9, 2015","['Michelle Dockery', 'Hugh Bonneville', 'Allen Leech', 'Adam McKay']"
55,56,"December 10, 2015","['Bruce Willis', 'Michael Lewis', 'Andrew Delbanco']"
56,57,"December 11, 2015","['Lin-Manuel Miranda', 'Ike Barinholtz']"
57,58,"December 14, 2015","['Jennifer Lawrence', 'Doris Kearns Goodwin']"
58,59,"December 15, 2015","['Quentin Tarantino', 'Jonathan Groff']"
59,60,"December 16, 2015","['Robert De Niro', 'Daniel Gilbert', 'Henry Rollins']"
60,61,"December 17, 2015","['Michael Moore', 'Samantha Power']"
61,62,"December 18, 2015","['Mandy Patinkin', 'Kayvon Beykpour']"
62,63,"January 4, 2016","['Samuel L. Jackson', 'Lisa Gross', 'Olivia Hallisey']"
63,64,"January 5, 2016","['John Krasinski', 'Killer Mike', 'George Church']"
64,65,"January 6, 2016","['Jerry Seinfeld', 'Senator Rand Paul']"
65,66,"January 7, 2016","['Damian Lewis', 'America Ferrera']"
66,67,"January 8, 2016","['Matthew Broderick', 'Sarah Parcak']"
67,68,"January 11, 2016","['Jane Lynch', 'Julian Castro']"
68,69,"January 12, 2016","['Saoirse Ronan', 'Jeremy Stoppelman', 'Laura Ricciardi', 'Moira Demos']"
69,70,"January 13, 2016","['Paul Giamatti', 'Guerrilla Girls']"
70,71,"January 14, 2016","['Olivia Munn', 'T. J. Miller']"
71,72,"January 15, 2016","['Scott Kelly', 'Abby Wambach']"
72,73,"January 18, 2016","['Patricia Heaton', 'Quincy Jones', 'DeRay Mckesson']"
73,74,"January 19, 2016","['Charlie Day', 'Colin Hanks']"
74,75,"January 20, 2016","['James Spader', 'Brandon Marshall', 'Sarah Koenig']"
75,76,"January 21, 2016","['Christian Slater', 'Josh Radnor']"
76,77,"January 22, 2016","['Steven Tyler', 'Gaby Hoffmann']"
77,78,"January 25, 2016","['Donald Rumsfeld', 'Russell Westbrook']"
78,79,"January 26, 2016","['Laurence Fishburne', 'Michael Novacek']"
79,80,"January 27, 2016","['Chris Pine', 'Danielle Brooks', 'Jonah Reider']"
80,81,"January 28, 2016","['Josh Brolin', 'John Dickerson', 'Erin Brockovich']"
81,82,"February 1, 2016","['John Travolta', 'Courtney B. Vance', 'Amy Cuddy']"
82,83,"February 2, 2016","['David Schwimmer', 'Joel Osteen']"
83,84,"February 3, 2016","['Dr. Phil', 'Mark', 'Jay Duplass', 'Michael Eric Dyson']"
84,85,"February 4, 2016","['Michael Strahan', 'Samantha Bee']"
85,86,"February 5, 2016","['Bobby Cannavale', 'Donny Deutsch']"
86,87,"February 7, 2016","['Tina Fey', 'Margot Robbie', 'Will Ferrell', 'Megyn Kelly']"
87,88,"February 8, 2016","[""Bill O'Reilly"", 'Eddie George']"
88,89,"February 9, 2016","['Olivia Wilde', 'Christiane Amanpour']"
89,90,"February 10, 2016","['Ben Stiller', 'Senator Bernie Sanders']"
90,91,"February 11, 2016","['Kelsey Grammer', 'Fred Armisen', 'Sarah McDaniel']"
91,92,"February 15, 2016","['Craig Ferguson', 'Hailey Clauson', 'Ashley Graham', 'Cory Booker']"
92,93,"February 16, 2016","['Eva Longoria', 'Abbi Jacobson', 'Ilana Glazer']"
93,94,"February 17, 2016","['Kate Hudson', 'Governor John Kasich']"
94,95,"February 18, 2016","['Téa Leoni', 'Amanda Peet', 'Triumph', 'the Insult Comic Dog']"
95,96,"February 19, 2016","['Chelsea Handler', 'Zosia Mamet']"
96,97,"February 22, 2016","['Casey Affleck', 'Richard Dreyfuss']"
97,98,"February 23, 2016","['Debra Messing', 'Zachary Quinto']"
98,99,"February 24, 2016","['Adrien Brody', 'Danai Gurira', 'Brian Greene']"
99,100,"February 25, 2016","['Tim Daly', 'Graham Nash']"
100,101,"February 29, 2016","['Spike Jonze', 'Jeffrey Dean Morgan']"
101,102,"March 1, 2016","['Chrissy Teigen', 'Mike Birbiglia', 'Adam Savage']"
102,103,"March 2, 2016","['Octavia Spencer', 'John Stamos', 'Bob Saget', 'Dave Coulier']"
103,104,"March 3, 2016","['Christopher Meloni', 'Edward Byers']"
104,105,"March 7, 2016","['Will Arnett', 'Charles Barkley', 'Max Greenfield']"
105,106,"March 8, 2016","['Helen Mirren', 'J. J. Abrams']"
106,107,"March 9, 2016","['Sally Field', 'Jerrod Carmichael']"
107,108,"March 10, 2016","['Anna Kendrick', 'U.S. Attorney General Loretta Lynch']"
108,109,"March 11, 2016","['Jeff Daniels', 'Audra McDonald', 'Mary Elizabeth Winstead']"
109,110,"March 14, 2016","['John Oliver', 'Jordan Spieth']"
110,111,"March 15, 2016","['Steve Martin', 'Edie Brickell', 'Shirley MacLaine']"
111,112,"March 16, 2016","['Theo James', 'Jussie Smollett']"
112,113,"March 17, 2016","['William H. Macy', 'Melissa Rauch', 'Isaac Mizrahi']"
113,114,"March 28, 2016","['Tom Hiddleston', 'Laura Benanti']"
114,115,"March 29, 2016","['Adam Driver', 'Rachel Bloom']"
115,116,"March 30, 2016","['Eric Stonestreet', 'Jason Jones', 'Senator Elizabeth Warren']"
116,117,"March 31, 2016","['Sarah Paulson', 'Tatiana Maslany']"
117,118,"April 1, 2016","['Steve Buscemi', 'Benjamin Walker']"
118,119,"April 4, 2016","['Matthew Perry', 'Nick Offerman']"
119,120,"April 5, 2016","['Melissa McCarthy', 'Ben Falcone', 'Arianna Huffington']"
120,121,"April 6, 2016","['Anna Kendrick', 'Sam Rockwell', 'David Duchovny']"
121,122,"April 7, 2016","['Mindy Kaling', 'Tituss Burgess', 'Ken Burns']"
122,123,"April 18, 2016","['Jesse Tyler Ferguson', 'Katharine McPhee']"
123,124,"April 19, 2016","['Kevin Spacey', 'Thomas Middleditch']"
124,125,"April 20, 2016","['Dennis Quaid', 'Matt Walsh']"
125,126,"April 21, 2016","['Tom Hanks', 'Leslie Odom', 'Jr.']"
126,127,"April 22, 2016","['Julia Louis-Dreyfus', 'Nikolaj Coster-Waldau']"
127,128,"April 25, 2016","['Michelle Williams', 'Eddie Huang']"
128,129,"April 26, 2016","['J. K. Simmons', 'Jane Krakowski', 'Chris Wallace']"
129,130,"April 27, 2016","['Susan Sarandon', 'David Tennant']"
130,131,"April 28, 2016","['Julianna Margulies', 'Christine Baranski', 'Matt Czuchry; Hank Azaria', 'Isaac Mizrahi', 'Phil Knight']"
131,132,"April 29, 2016","['Anderson Cooper', 'Mark Feuerstein']"
132,133,"May 2, 2016","[""Bill O'Reilly"", 'Morris Chestnut']"
133,134,"May 3, 2016","['Dakota Johnson', 'Sebastian Stan']"
134,135,"May 4, 2016","['Anthony Mackie', 'Rob Reiner', 'Buzz Aldrin']"
135,136,"May 5, 2016","['Judith Sheindlin', 'Zac Posen', 'W. Kamau Bell']"
136,137,"May 6, 2016","['Lily Tomlin', 'Kumail Nanjiani']"
137,138,"May 9, 2016","['Kaley Cuoco', 'Dan Savage']"
138,139,"May 10, 2016","['Chloë Grace Moretz', 'Katie Couric', 'Charlamagne Tha God']"
139,140,"May 11, 2016","['Kate Beckinsale', 'B. J. Novak']"
140,141,"May 12, 2016","['Ryan Gosling', 'Russell Crowe', 'Jessie Mueller']"
141,142,"May 13, 2016","['Matt Bomer', 'Zach Woods']"
142,143,"May 16, 2016","['Jason Sudeikis', 'Michael Weatherly', 'Megyn Kelly']"
143,144,"May 17, 2016","['Anthony Anderson', 'Eugene Levy', ""Catherine O'Hara""]"
144,145,"May 18, 2016","['Josh Gad', 'Gillian Jacobs']"
145,146,"May 19, 2016","['Rose Byrne', 'Bobby Flay']"
146,147,"May 20, 2016","['Seth Rogen', 'Krysten Ritter']"
147,148,"May 23, 2016","['Emilia Clarke', 'Shiri Appleby']"
148,149,"May 24, 2016","['Sean Hayes', 'Brooklyn Decker', 'Lewis Black']"
149,150,"May 25, 2016","['James McAvoy', 'Nick Swardson', 'Brian Greene']"
150,151,"May 26, 2016","['Lizzy Caplan', 'Neil Young', 'Mike Epps']"
151,152,"May 27, 2016","['Rashida Jones', 'Daveed Diggs', 'Marina Franklin']"
152,153,"June 6, 2016","['James Corden', 'Scott Speedman']"
153,154,"June 7, 2016","['Jude Law', 'Norman Reedus']"
154,155,"June 8, 2016","['Laura Linney', 'John Leguizamo']"
155,156,"June 9, 2016","['Patrick Wilson', 'Gayle King', 'Governors Gary Johnson', 'William Weld']"
156,157,"June 10, 2016","['David Duchovny', 'Aaron Tveit']"
157,158,"June 13, 2016","[""Bill O'Reilly"", 'Anna Chlumsky']"
158,159,"June 14, 2016","['Daniel Radcliffe', 'George Lopez']"
159,160,"June 15, 2016","['Liam Hemsworth', 'Ana Gasteyer']"
160,161,"June 16, 2016","['Demi Lovato', 'Nick Jonas', 'Amy Ryan']"
161,162,"June 17, 2016","['Aaron Paul', 'Michael Ian Black']"
162,163,"June 20, 2016","['Alexander Skarsgård', 'Natasha Leggero']"
163,164,"June 21, 2016","['Aubrey Plaza', 'Hugh Dancy']"
164,165,"June 22, 2016","['Uzo Aduba', 'Neil deGrasse Tyson']"
165,166,"June 23, 2016","['Senator Bernie Sanders', 'Paul Dano']"
166,167,"June 24, 2016","['Kevin Hart', 'Taylor Schilling', 'RuPaul Charles']"
167,168,"June 27, 2016","['Kevin Love', 'Jenny Slate']"
168,169,"June 28, 2016","['Tom Brokaw', 'Sara', 'Erin Foster']"
169,170,"June 29, 2016","['Samuel L. Jackson', 'Julie Klausner']"
170,171,"June 30, 2016","['Ellie Kemper', 'Patrick Fugit']"
171,172,"July 1, 2016","['Zachary Quinto', 'Natasha Lyonne', '2 Chainz']"
172,173,"July 11, 2016","['Bryan Cranston', 'Busy Philipps']"
173,174,"July 12, 2016","['Nicholas Hoult', 'John Turturro', 'Bret Baier']"
174,175,"July 13, 2016","['Benjamin Bratt', 'Rob Corddry']"
175,176,"July 14, 2016","['Bill Maher', 'Michael K. Williams']"
176,177,"July 15, 2016","['Charlie Rose', 'Gayle King', ""Norah O'Donnell"", 'DeRay McKesson']"
177,178,"July 18, 2016",['Zoe Saldana']
178,179,"July 19, 2016","['Keegan-Michael Key', 'Kathryn Hahn']"
179,180,"July 20, 2016","['Tony Goldwyn', 'Mark Cuban', 'Lewis Black']"
180,181,"July 21, 2016","['Senator Elizabeth Warren', 'Billy Eichner']"
181,182,"July 22, 2016",['Jennifer Saunders']
182,183,"July 25, 2016","['Allison Janney', 'Anthony Weiner']"
183,184,"July 26, 2016","['Jeff Daniels', 'Bassem Youssef']"
184,185,"July 27, 2016","['John Oliver', 'Jai Courtney', 'Charlamagne Tha God']"
185,186,"July 28, 2016","['Abbi Jacobson', 'Ilana Glazer', 'Doris Kearns Goodwin', 'Eric André']"
186,187,"July 29, 2016",['N/A']
187,188,"August 1, 2016","['Viola Davis', 'Simon Helberg']"
188,189,"August 2, 2016","['Will Smith', 'Logan Lerman']"
189,190,"August 3, 2016","['John Cena', 'Scott Eastwood']"
190,191,"August 4, 2016","['Jamie Dornan', 'Javier Muñoz', 'Malcolm Gladwell']"
191,192,"August 5, 2016","['Diane Kruger', 'Ibtihaj Muhammad']"
192,193,"August 22, 2016","['Amy Schumer', 'Omari Hardwick', 'Michaela Watkins']"
193,194,"August 23, 2016","['Rami Malek', 'Tika Sumpter', 'Parker Sawyers']"
194,195,"August 24, 2016","['Anderson Cooper', 'Édgar Ramírez']"
195,196,"August 25, 2016","['Senator Tim Kaine', 'Tony Hale']"
196,197,"August 26, 2016","['Rachel Weisz', 'Kevin Smith', 'Spike Feresten']"
197,198,"August 29, 2016","['Riz Ahmed', 'Pedro Pascal']"
198,199,"August 30, 2016","['John Krasinski', 'Adam Brody']"
199,200,"August 31, 2016","['Christian Slater', 'Chris Geere', 'Congressman John Lewis']"
200,201,"September 1, 2016","['Larry Wilmore', 'Chris Noth']"
201,202,"September 2, 2016","['Anna Gunn', 'John Dickerson']"
202,203,"September 6, 2016","['Harry Connick Jr.', 'Ava DuVernay']"
203,204,"September 7, 2016","['Whoopi Goldberg', 'Regina Hall', 'Chesley Sullenberger']"
204,205,"September 8, 2016","['Jessica Alba', 'Bradley Whitford', 'George Takei']"
205,206,"September 9, 2016","['Tituss Burgess', 'Jeff Ross', 'Adam Richman']"
206,207,"September 12, 2016","['Dr. Phil', 'Alan Cumming']"
207,208,"September 13, 2016","['Joseph Gordon-Levitt', 'Millie Bobby Brown']"
208,209,"September 14, 2016","['Trevor Noah', 'Allen Iverson', 'Chris Gethard']"
209,210,"September 15, 2016","['Tracee Ellis Ross', 'Andrew Rannells']"
210,211,"September 16, 2016","['John Slattery', 'Oliver Stone']"
211,212,"September 19, 2016","['Chris Pratt', 'Scott Bakula']"
212,213,"September 20, 2016","['First Lady Michelle Obama', 'America Ferrera']"
213,214,"September 21, 2016","['Ethan Hawke', 'Tim Meadows']"
214,215,"September 22, 2016","['Anthony Anderson', 'Mark Consuelos']"
215,216,"September 23, 2016",['Bruce Springsteen']
216,217,"September 26, 2016","['Rob Lowe', 'Kal Penn']"
217,218,"September 27, 2016","['Sean Penn', 'Sutton Foster']"
218,219,"September 28, 2016","[""Lupita Nyong'o"", 'Donnie Wahlberg']"
219,220,"September 29, 2016","['Morgan Freeman', 'Judith Light']"
220,221,"September 30, 2016","['Samantha Bee', 'Abby Elliott', 'Asa Butterfield']"
221,222,"October 3, 2016","['Mindy Kaling', 'Gary Owen']"
222,223,"October 4, 2016","['John Leguizamo', 'Cheri Oteri', 'Paul F. Tompkins']"
223,224,"October 5, 2016","['Armie Hammer', 'Lindsey Vonn']"
224,225,"October 6, 2016","['Emily Blunt', 'Gael García Bernal']"
225,226,"October 7, 2016","['Diane Lane', 'Aja Naomi King']"
226,-,"October 10, 2016","['Amy Schumer', 'Omari Hardwick', 'Michaela Watkins']"
227,227,"October 17, 2016","[""Bill O'Reilly"", 'Randall Park']"
228,228,"October 18, 2016","['Nick Offerman', 'Wayne Gretzky', 'Morgan Spurlock']"
229,229,"October 19, 2016","['Hugh Laurie', 'Paul Reiser', 'Nate Silver']"
230,230,"October 20, 2016","['Tiger Woods', 'Elijah Wood', 'Jorge Ramos']"
231,231,"October 21, 2016","['Matt LeBlanc', 'Joy Bryant', 'Congresswoman Eleanor Holmes Norton']"
232,232,"October 24, 2016","['Tom Hanks', 'Adam Conover']"
233,233,"October 25, 2016","['Will Forte', 'Dermot Mulroney', 'Wyatt Cenac']"
234,234,"October 26, 2016","['Joel McHale', 'Abbi Jacobson', 'Jon Glaser']"
235,235,"October 27, 2016","['Mary-Louise Parker', 'Pusha T']"
236,236,"October 28, 2016","['Drew Carey', 'Claire Foy', 'Matt Smith']"
237,237,"October 31, 2016","['Ruth Wilson', 'J. B. Smoove', 'The Ghost Brothers']"
238,238,"November 1, 2016","['Mel Gibson', 'Luke Bracey']"
239,239,"November 2, 2016","['Michael Strahan', 'Nick Kroll']"
240,240,"November 3, 2016","['Aaron Eckhart', 'Tig Notaro', 'Ron Suskind']"
241,241,"November 4, 2016","['Viggo Mortensen', 'Patton Oswalt']"
242,242,"November 7, 2016","['Don Cheadle', 'Stevie Wonder', 'Katherine Waterston']"
243,243,"November 9, 2016","['Miles Teller', 'Neil deGrasse Tyson', 'Triumph', 'the Insult Comic Dog']"
244,244,"November 10, 2016","['Sting', 'Thandie Newton']"
245,245,"November 11, 2016","['Mark Halperin', 'John Heilemann', 'Jeff Goldblum']"
246,246,"November 14, 2016","['Eddie Redmayne', 'Senator Bernie Sanders', 'Alton Brown']"
247,247,"November 15, 2016","['Anna Kendrick', 'Mahershala Ali']"
248,248,"November 16, 2016","['Marion Cotillard', 'Dev Patel']"
249,249,"November 17, 2016","['Amy Adams', 'Simone Biles', 'Jeff Watson']"
250,250,"November 18, 2016","['William H. Macy', 'Colin Quinn']"
251,251,"November 21, 2016","['Michael Weatherly', 'Carrie Fisher']"
252,252,"November 22, 2016","['James Marsden', 'Jimmie Johnson', 'John Waters']"
253,253,"November 23, 2016","['Danny DeVito', 'Max Greenfield']"
254,254,"November 30, 2016","['Tim Daly', 'Lauren Cohan']"
255,255,"December 1, 2016","['Lauren Graham', 'Justin Long']"
256,256,"December 2, 2016","['Matthew Broderick', 'Ali Wentworth']"
257,257,"December 5, 2016","['Jason Bateman', 'Padma Lakshmi', 'Michael Lewis']"
258,258,"December 6, 2016","['Vice President Joe Biden', 'DJ Khaled']"
259,259,"December 7, 2016","['Sigourney Weaver', 'Andy Cohen']"
260,260,"December 8, 2016","['Octavia Spencer', 'John Mulaney']"
261,261,"December 9, 2016","['Olivia Munn', 'Martin Freeman']"
262,262,"December 12, 2016","['John Goodman', 'Denée Benton']"
263,263,"December 13, 2016","['Mark Wahlberg', 'Lee Daniels']"
264,264,"December 14, 2016","['Neil Patrick Harris', 'Megan Mullally']"
265,265,"December 15, 2016","['James Franco', 'Michael Stipe']"
266,266,"December 16, 2016","['Liam Neeson', 'Shepard Smith']"
267,267,"December 19, 2016",['Tom Hanks']
268,268,"December 20, 2016","['Bruce Springsteen', 'David Duchovny', 'Bryan Cranston']"
269,269,"December 21, 2016","['Robert De Niro', 'Amy Schumer', 'John Krasinski', 'Millie Bobby Brown']"
270,270,"December 22, 2016","['Will Smith', 'Anna Kendrick']"
271,271,"December 23, 2016","['Chris Pratt', 'Jason Bateman', 'Triumph the Insult Comic Dog']"
272,272,"January 3, 2017",['Oprah Winfrey']
273,273,"January 4, 2017","['Kate Beckinsale', 'Chris Messina', 'Jen Kirkman']"
274,274,"January 5, 2017","['Adam Driver', 'Alexa Davalos']"
275,275,"January 6, 2017","['Charlie Rose', 'Hayden Panettiere', 'Jack Maxwell']"
276,276,"January 9, 2017","['Billy Joel', 'Josh Holloway']"
277,277,"January 10, 2017","['Andrew Garfield', 'Erin Andrews']"
278,278,"January 11, 2017","['Jude Law', 'Gabrielle Union', 'Thomas L. Friedman']"
279,279,"January 12, 2017","['Tom Selleck', 'Craig Robinson']"
280,280,"January 13, 2017","['Cuba Gooding Jr.', 'Rupert Friend']"
281,281,"January 16, 2017","['Sarah Paulson', 'Corey Stoll']"
282,282,"January 17, 2017","['Billy Eichner', 'Mel B', 'Gilbert Gottfried']"
283,283,"January 18, 2017","['Idina Menzel', 'Rachel Bloom', 'Louie Anderson']"
284,284,"January 19, 2017","['Johnny Galecki', 'Chris Matthews']"
285,285,"January 20, 2017","['Jim Gaffigan', 'Cristela Alonzo']"
286,286,"January 30, 2017","['Leslie Mann', 'Lewis Black', 'Dan Levy']"
287,287,"January 31, 2017","['Josh Groban', 'Rachael Ray']"
288,288,"February 1, 2017","['Ricky Gervais', 'Christina Ricci']"
289,289,"February 2, 2017","['Dr. Phil McGraw', 'Michael Bolton']"
290,290,"February 3, 2017","['Priyanka Chopra', 'Thomas Sadoski']"
291,291,"February 6, 2017","['Paul Giamatti', 'Wendy Williams']"
292,292,"February 7, 2017","['John Oliver', 'Isabelle Huppert']"
293,293,"February 8, 2017","['Robert De Niro', 'Jake Tapper', 'Ezra Edelman']"
294,294,"February 9, 2017","['David Oyelowo', 'Taran Killam']"
295,295,"February 10, 2017","['Will Arnett', 'Pete Holmes']"
296,296,"February 13, 2017","['Shailene Woodley', 'Laverne Cox', 'Rick', 'Marty Lagina']"
297,297,"February 14, 2017",['Christine Baranski']
298,298,"February 15, 2017","['Bob Odenkirk', 'Tatiana Maslany', 'George Saunders']"
299,299,"February 16, 2017","['Sally Field', 'Maggie Siff']"
300,300,"February 17, 2017","['Julie Andrews', 'Christina Hendricks']"
301,301,"February 20, 2017","['Uma Thurman', 'Jason Jones']"
302,302,"February 21, 2017","['Joe Scarborough', 'Kate Upton', 'Yvette Nicole Brown']"
303,303,"February 22, 2017","['Kelly Ripa', 'Billy Gardell']"
304,304,"February 23, 2017","['Aubrey Plaza', 'Bradley Whitford']"
305,305,"February 24, 2017","['Allison Williams', 'Cush Jumbo']"
306,306,"February 27, 2017","['Connie Britton', 'Zoey Deutch']"
307,307,"February 28, 2017","['Josh Earnest', 'Lisa Kudrow']"
308,308,"March 1, 2017","['Patrick Stewart', 'Chris Colfer', 'Roy Wood Jr.']"
309,309,"March 2, 2017","['Hugh Jackman', 'Condola Rashād']"
310,310,"March 3, 2017","['Cate Blanchett', 'Paul Rust']"
311,311,"March 6, 2017","['Anderson Cooper', 'Judd Apatow']"
312,312,"March 7, 2017","['Kevin Kline', 'Jerrod Carmichael', 'General Michael Hayden']"
313,313,"March 8, 2017","['Mark Halperin', 'John Heilemann', 'Michael Ian Black', 'Jackson Galaxy']"
314,314,"March 9, 2017","['Kristen Stewart', 'Maz Jobrani']"
315,315,"March 10, 2017","['Felicity Huffman', 'Jurnee Smollett-Bell']"
316,316,"March 13, 2017","['Ewan McGregor', 'Finn Wittrock']"
317,317,"March 14, 2017","['Neil deGrasse Tyson', 'Todd Barry']"
318,318,"March 15, 2017","['Jessica Lange', 'Bassem Youssef', 'Judy Gold']"
319,319,"March 20, 2017","['Bryan Cranston', 'Audra McDonald']"
320,320,"March 21, 2017","['Ryan Reynolds', 'Josh Lucas', 'Andy Daly']"
321,321,"March 22, 2017","['Glenn Close', 'Michael McKean', 'H. Jon Benjamin']"
322,322,"March 27, 2017","['Lily Tomlin', 'Jane Fonda', 'Jay Chandrasekhar']"
323,323,"March 28, 2017","['Hank Azaria', 'Kate Walsh']"
324,324,"March 29, 2017","['Emma Roberts', 'Ken Jeong', 'Luke Bryan', 'Dierks Bentley']"
325,325,"March 30, 2017","['Marisa Tomei', 'Hugh Dancy']"
326,326,"March 31, 2017","['Susan Sarandon', 'Joey McIntyre', 'Robert Klein']"
327,327,"April 3, 2017","['Jason Sudeikis', 'Jennifer Esposito']"
328,328,"April 4, 2017","['Louis C.K.', 'Ernie Johnson Jr.']"
329,329,"April 5, 2017","['Sigourney Weaver', 'Jon Favreau', 'Jon Lovett', 'Tommy Vietor']"
330,330,"April 6, 2017","['Jessica Lange', 'Kadeem Hardison', 'Judy Gold']"
331,331,"April 7, 2017","['Mandy Patinkin', 'Zosia Mamet', 'Jerrod Carmichael']"
332,332,"April 17, 2017","['Jennifer Hudson', 'Chris Hayes', 'Christian Borle']"
333,333,"April 18, 2017","['Alec Baldwin', 'Charlamagne tha God']"
334,334,"April 19, 2017","['Rose Byrne', 'Lewis Black']"
335,335,"April 20, 2017","['Elisabeth Moss', 'Anthony Atamanuik']"
336,336,"April 21, 2017","['Rosario Dawson', 'Renée Elise Goldsberry', 'Moshe Kasher']"
337,337,"April 24, 2017","['Allison Janney', 'Sheryl Sandberg']"
338,338,"April 25, 2017","['John Legend', 'Kelly Osbourne']"
339,339,"April 26, 2017","['America Ferrera', 'Thomas Middleditch', 'Dave', 'Virginia Grohl']"
340,340,"April 27, 2017","['LL Cool J', 'Phillipa Soo']"
341,341,"April 28, 2017","['Tom Hanks', 'Anna Baryshnikov']"
342,342,"May 1, 2017","['Chris Pratt', 'Neil deGrasse Tyson']"
343,343,"May 2, 2017","['Amy Schumer', 'Gabourey Sidibe']"
344,344,"May 3, 2017","['Jim Parsons', 'Jeff Garlin', 'Paul Scheer']"
345,345,"May 4, 2017","['Charles Barkley', 'Debra Winger']"
346,346,"May 5, 2017","['Richard Gere', 'Maria Bamford']"
347,347,"May 8, 2017","['Rami Malek', 'Bill Nye']"
348,348,"May 9, 2017","['Jon Stewart', 'Samantha Bee', 'John Oliver', 'Ed Helms', 'Rob Corddry']"
349,349,"May 10, 2017","['Megan Mullally', 'Nick Offerman', 'Seth Meyers']"
350,350,"May 11, 2017","['Mayim Bialik', 'Andy Karl']"
351,351,"May 12, 2017","['Tracy Morgan', 'Timothy Simons']"
352,352,"May 15, 2017","['Danny McBride', 'Jane Krakowski']"
353,353,"May 16, 2017","['Gina Rodriguez', 'Ben Falcone']"
354,354,"May 17, 2017","['Julie Chen', 'Matt Walsh', 'David Ortiz']"
355,355,"May 18, 2017","['Ricky Gervais', 'Corey Hawkins']"
356,356,"May 19, 2017","['Jennifer Garner', 'Demetri Martin', 'Paula Poundstone']"
357,357,"May 22, 2017","['Rachel Maddow', 'Ben Platt']"
358,358,"May 23, 2017","['Kevin Spacey', 'Terry Crews', 'Rob Huebel']"
359,359,"May 24, 2017","['Robin Wright', 'Hannibal Buress']"
360,360,"May 25, 2017","['Oscar Isaac', 'Laurie Metcalf', 'April Ryan']"
361,361,"May 26, 2017","['Gordon Ramsay', 'David Sedaris']"
362,362,"June 5, 2017","['Kevin Hart', 'Ali Wentworth']"
363,363,"June 6, 2017","['Salma Hayek', 'Hasan Minhaj']"
364,364,"June 7, 2017","['Tilda Swinton', 'Andy Cohen', 'Jordan Klepper']"
365,365,"June 8, 2017","['John Mulaney', 'Richard Branson']"
366,366,"June 9, 2017","['Jim Gaffigan', 'Anna Chlumsky']"
367,367,"June 12, 2017","['Uzo Aduba', 'T. J. Miller', 'Oliver Stone']"
368,368,"June 13, 2017","['Olivia Wilde', 'Eddie Izzard']"
369,369,"June 14, 2017","['Trevor Noah', 'Ilana Glazer', 'Sam Richardson']"
370,370,"June 15, 2017","['Milo Ventimiglia', 'Judy Greer']"
371,371,"June 16, 2017","['Scarlett Johansson', 'Bill Burr']"
372,372,"June 19, 2017","['Seth Rogen', 'Kumail Nanjiani']"
373,373,"June 20, 2017","['Ice Cube', 'Marc Maron']"
374,374,"June 21, 2017","['Jeffrey Tambor', 'John Benjamin Hickey']"
375,375,"June 26, 2017","['Michael Keaton', 'Zoe Kazan']"
376,376,"June 27, 2017","['Eric Stonestreet', 'John McEnroe']"
377,377,"June 28, 2017","['Josh Duhamel', 'Justin Bartha', 'Brian Greene']"
378,378,"June 29, 2017","['Naomi Watts', 'Ari Graynor']"
379,379,"June 30, 2017","['Michael Keaton', 'John McEnroe']"
380,380,"July 10, 2017","['Woody Harrelson', 'Cobie Smulders']"
381,381,"July 11, 2017","['Joe Scarborough', 'Mika Brzezinski', 'Andy Serkis']"
382,382,"July 12, 2017","['John Oliver', 'Mike Birbiglia', 'Michael Showalter']"
383,383,"July 13, 2017","['Ashton Kutcher', 'Rob Corddry']"
384,384,"July 14, 2017","['John Oliver', 'Woody Harrelson']"
385,385,"July 17, 2017","['Al Gore', 'Issa Rae']"
386,386,"July 18, 2017","['Keegan-Michael Key', 'Cillian Murphy']"
387,387,"July 19, 2017",['James McAvoy']
388,388,"July 20, 2017",['Jason Bateman']
389,389,"July 21, 2017","['Kenneth Branagh', 'Cara Delevingne']"
390,390,"July 24, 2017","['Paul Bettany', 'Laura Benanti']"
391,391,"July 25, 2017","['Charlie Rose', 'Jessica Williams', 'Max Brooks']"
392,392,"July 26, 2017","['Michael Moore', 'Sutton Foster']"
393,393,"July 27, 2017","['Samantha Bee', 'Gillian Jacobs']"
394,394,"July 28, 2017","['Charlie Rose', 'Jessica Williams']"
395,395,"July 31, 2017","['Matthew McConaughey', 'Vanessa Bayer']"
396,396,"August 1, 2017","['Senator Al Franken', 'Adam Conover']"
397,397,"August 2, 2017","['Dave Chappelle', 'James Van Der Beek', 'Joe Walsh']"
398,398,"August 3, 2017","['Anthony Mackie', 'Elizabeth Olsen']"
399,399,"August 4, 2017",['Senator Al Franken']
400,400,"August 7, 2017","['Laura Dern', 'Leah Remini']"
401,401,"August 8, 2017","['Christoph Waltz', ""Chris O'Dowd"", 'Sean Evans']"
402,402,"August 9, 2017","['Robert Pattinson', 'David Tennant', 'Niecy Nash']"
403,403,"August 10, 2017","['Millie Bobby Brown', 'Jim Jefferies']"
404,404,"August 11, 2017","['Dave Chappelle', ""Chris O'Dowd""]"
405,405,"August 14, 2017","['Anthony Scaramucci', 'Bob Odenkirk']"
406,406,"August 15, 2017","['Daniel Craig', 'Tiffany Haddish']"
407,407,"August 16, 2017","['Ellie Kemper', 'Andrew Dice Clay', 'Peter Serafinowicz']"
408,408,"August 17, 2017","['John Dickerson', 'Michael Rapaport']"
409,409,"August 18, 2017","['Anthony Scaramucci', 'Tiffany Haddish']"
410,410,"September 5, 2017","['Maggie Gyllenhaal', 'Graham Norton']"
411,411,"September 6, 2017","['Liev Schreiber', 'Joe Buck', 'Sonequa Martin-Green']"
412,412,"September 7, 2017","['Senator Bernie Sanders', 'Caitriona Balfe']"
413,413,"September 8, 2017","['Jessica Biel', 'Sonequa Martin-Green']"
414,414,"September 18, 2017",['Second Anniversary Special']
415,415,"September 19, 2017","['Hillary Clinton', 'Emma Stone']"
416,416,"September 20, 2017","['Jeff Bridges', 'Senator Jeff Flake']"
417,417,"September 21, 2017","['Jim Parsons', 'Pamela Adlon']"
418,418,"September 22, 2017","['Bobby Moynihan', 'Tatiana Maslany']"
419,419,"September 25, 2017","['Sterling K. Brown', 'Chance the Rapper']"
420,420,"September 26, 2017","['Sofía Vergara', 'David Boreanaz', 'Ken Burns']"
421,421,"September 27, 2017","['Nick Kroll', 'Michael Bloomberg']"
422,422,"September 28, 2017","['Steve Martin', 'Mark Feuerstein']"
423,423,"September 29, 2017",['Jerry Seinfeld']
424,424,"October 2, 2017","['Pierce Brosnan', 'Jason Alexander', 'Ta-Nehisi Coates']"
425,425,"October 3, 2017","['Michael Weatherly', 'Natasha Leggero']"
426,426,"October 4, 2017","['Kerry Washington', 'Russell Brand']"
427,427,"October 5, 2017","['Morgan Freeman', 'Grace Gummer']"
428,428,"October 6, 2017",['Kathy Bates']
429,429,"October 9, 2017","['Jackie Chan', 'Bob Schieffer']"
430,430,"October 10, 2017","['Tracee Ellis Ross', 'Luke Evans']"
431,431,"October 11, 2017","['Andrew Garfield', 'Tracey Ullman']"
432,432,"October 12, 2017","['Bill Murray', 'Claire Foy']"
433,433,"October 13, 2017","[""Conan O'Brien"", 'Tig Notaro']"
434,434,"October 23, 2017","['Anna Faris', 'Amy Sedaris']"
435,435,"October 24, 2017","['Jake Tapper', 'Shemar Moore']"
436,436,"October 25, 2017","['Hugh Laurie', 'Gretchen Carlson']"
437,437,"October 26, 2017","['Julianne Moore', 'Jermaine Fowler']"
438,438,"October 27, 2017","['Dr. Phil McGraw', 'Captain Scott Kelly']"
439,439,"October 30, 2017","['Billy Eichner', 'Anna Camp']"
440,440,"October 31, 2017","['Mark Ruffalo', 'Chris Matthews', 'Gilbert Gottfried']"
441,441,"November 1, 2017","['Nicole Kidman', 'Jonathan Groff']"
442,442,"November 2, 2017","['Whoopi Goldberg', 'Kathryn Hahn']"
443,443,"November 3, 2017","['Ronan Farrow', 'Walter Isaacson']"
444,444,"November 6, 2017","['Josh Gad', ""Lawrence O'Donnell"", 'Derek DelGaudio']"
445,445,"November 7, 2017","['Jason Segel', 'Jeff Fager', 'Lesley Stahl']"
446,446,"November 8, 2017","['Norman Reedus', 'Sean Astin']"
447,447,"November 9, 2017","['William H. Macy', 'Jay Pharoah[a]']"
448,448,"November 10, 2017","['John Mulaney', 'Jason Segel']"
449,449,"November 13, 2017","['Joe Biden', 'Elton John']"
450,450,"November 14, 2017","['Tyler Perry', 'Anthony Atamanuik', 'John Avlon']"
451,451,"November 15, 2017","['Jordan Peele', 'Alia Shawkat']"
452,452,"November 16, 2017","['Ben Affleck', 'Greta Gerwig']"
453,453,"November 17, 2017","[""Norah O'Donnell""]"
454,454,"November 20, 2017","['Senator Elizabeth Warren', 'Desus', 'Mero']"
455,455,"November 21, 2017","['Gayle King', 'Daveed Diggs']"
456,456,"November 22, 2017",['John Leguizamo']
457,457,"November 29, 2017","['Justin Timberlake', 'Carmen Yulín Cruz']"
458,458,"November 30, 2017",['Kate Winslet']
459,459,"December 1, 2017","['Carol Burnett', 'Lewis Black']"
460,460,"December 4, 2017","['Billy Bush', 'Gwendoline Christie']"
461,461,"December 5, 2017","['Saoirse Ronan', 'Van Jones', 'Michelle Wolf']"
462,462,"December 6, 2017","['Ed Helms', 'Christopher Jackson']"
463,463,"December 7, 2017","['Sarah Paulson', 'John Hodgman']"
464,464,"December 8, 2017","['Mark Hamill', 'Bobby Flay']"
465,465,"December 11, 2017","['Matt Damon', 'Rahm Emanuel']"
466,466,"December 12, 2017","['Tom Hanks', 'Katy Tur']"
467,467,"December 13, 2017","['Nick Jonas', 'Dennis Rodman']"
468,468,"December 14, 2017","['Adam Driver', 'John Early']"
469,469,"December 15, 2017","['Jodie Foster', 'Tom Hanks']"
470,470,"January 2, 2018","['Anderson Cooper', 'Maz Jobrani']"
471,471,"January 3, 2018","['America Ferrera', 'David Harbour']"
472,472,"January 4, 2018","['50 Cent', 'Rachel Brosnahan']"
473,473,"January 5, 2018",['Neil deGrasse Tyson']
474,474,"January 8, 2018","['Liam Neeson', 'Michael Wolff']"
475,475,"January 9, 2018","['James Franco', 'Lena Waithe']"
476,476,"January 10, 2018","['Sarah Jessica Parker', 'Pete Holmes']"
477,477,"January 11, 2018","['Molly Shannon', 'Thomas Lennon']"
478,478,"January 12, 2018","['Laurie Metcalf', 'Michael Wolff', 'Carly Fleischmann']"
479,479,"January 15, 2018","['John Lithgow', 'Senator Chuck Schumer']"
480,480,"January 16, 2018","['Jon Bon Jovi', 'Daniel Kaluuya', 'Ben Sinclair']"
481,481,"January 17, 2018","['Ricky Gervais', 'Matt Czuchry']"
482,482,"January 18, 2018","['Sharon Stone', 'Rob Riggle']"
483,483,"January 19, 2018","['J. K. Simmons', 'Pete Holmes']"
484,484,"January 22, 2018","['James Corden', 'Ann Curry']"
485,485,"January 23, 2018","['John Dickerson', 'Eugene Levy']"
486,486,"January 24, 2018","['Willem Dafoe', 'RuPaul', 'Roy Wood Jr.']"
487,487,"January 25, 2018","['Gwyneth Paltrow', 'Ben McKenzie']"
488,488,"January 26, 2018","['Kyle MacLachlan', 'Deon Cole']"
489,489,"January 29, 2018","['Julie Chen', 'Joel Kinnaman']"
490,490,"January 30, 2018","['Jon Favreau', 'Jon Lovett', 'Tommy Vietor', 'Jessica Williams', 'Phoebe Robinson']"
491,491,"January 31, 2018","['Rose McGowan', 'Senator Rand Paul']"
492,492,"February 1, 2018","['Michael Shannon', 'Meghan McCain']"
493,493,"February 2, 2018","['Uma Thurman', 'Michael Shannon']"
494,494,"February 5, 2018","['Claire Danes', 'Bernadette Peters']"
495,495,"February 6, 2018","['Wanda Sykes', 'Thomas Haden Church', 'June Diane Raphael']"
496,496,"February 7, 2018","['John Oliver', 'Beanie Feldstein']"
497,497,"February 8, 2018","['Joel McHale', 'Yara Shahidi']"
498,498,"February 9, 2018","['John Oliver', 'Nathan Lane']"
499,499,"February 20, 2018","['Senator Kirsten Gillibrand', 'Chris Gethard']"
500,500,"February 21, 2018","['Sam Rockwell', 'J. J. Abrams']"
501,501,"February 22, 2018","['Christine Baranski', 'Constance Zimmer']"
502,502,"February 26, 2018","['Jennifer Lawrence', 'Patton Oswalt']"
503,503,"February 27, 2018","['Kiefer Sutherland', 'Zoe Lister-Jones', 'John McWhorter']"
504,504,"February 28, 2018","['Donald Glover', 'Omarosa Manigault']"
505,505,"March 1, 2018","['Jeff Daniels', 'Krysten Ritter']"
506,506,"March 2, 2018","['Steve Buscemi', 'Sebastian Maniscalco']"
507,507,"March 5, 2018","['David Oyelowo', 'Chelsea Clinton', 'Martha Stewart']"
508,508,"March 6, 2018","['Oprah Winfrey', 'Justin Hartley']"
509,509,"March 7, 2018","['Reese Witherspoon', 'Adam Rippon']"
510,510,"March 8, 2018","['Mindy Kaling', 'Chris Hayes']"
511,511,"March 9, 2018","['Helen Mirren', 'David Byrne']"
512,512,"March 12, 2018",['Tom Brady']
513,513,"March 13, 2018","['Angela Bassett', 'Jimmy O. Yang']"
514,514,"March 14, 2018","['Paul Giamatti', 'Sean Bean']"
515,515,"March 19, 2018","['Drew Barrymore', 'Adam DeVine']"
516,516,"March 20, 2018","['Hilary Swank', 'Thomas Middleditch']"
517,517,"March 21, 2018","['Keri Russell', 'Matthew Rhys', 'Mindy Kaling']"
518,518,"March 26, 2018","['Sean Penn', 'Sara Gilbert']"
519,519,"March 27, 2018","['Samantha Bee', 'Leslie Odom Jr.', 'Tom Segura']"
520,520,"March 28, 2018","['Dana Carvey', 'Simon Pegg']"
521,521,"March 29, 2018","['Emily Blunt', 'John Heilemann', 'Alex Wagner']"
522,522,"March 30, 2018","['Bryan Cranston', 'Jimmy Carter']"
523,523,"April 9, 2018","['Amy Schumer', 'Madeleine Albright']"
524,524,"April 10, 2018","['James Spader', 'Katie Couric', 'Louie Anderson']"
525,525,"April 11, 2018","['Martin Short', 'Aisha Tyler']"
526,526,"April 12, 2018","['Diane Sawyer', 'Joshua Jackson']"
527,527,"April 13, 2018",['Aubrey Plaza']
528,528,"April 16, 2018","['John Dickerson', 'Charlamagne tha God', 'Nell Scovell']"
529,529,"April 17, 2018",['James Comey']
530,530,"April 18, 2018","['Cynthia Nixon', 'Alan Cumming']"
531,531,"April 19, 2018","['Antonio Banderas', 'Senator Kamala Harris']"
532,532,"April 20, 2018","['James Marsden', 'Coyote Peterson']"
533,533,"April 23, 2018","['Jeffrey Wright', 'Ali Wentworth']"
534,534,"April 24, 2018","['Hank Azaria', 'Ronan Farrow']"
535,535,"April 25, 2018","['Lucy Liu', 'Henry Winkler']"
536,536,"April 26, 2018","['Rachel Weisz', 'Ann Dowd']"
537,537,"April 27, 2018","['Mandy Patinkin', 'H. Jon Benjamin']"
538,538,"April 30, 2018","['David Duchovny', 'Margaret Brennan', 'Robert Smigel']"
539,539,"May 1, 2018","['Helen Hunt', 'Kevin Smith']"
540,540,"May 2, 2018","['Jim Gaffigan', 'Michael Avenatti', 'David Chang']"
541,541,"May 3, 2018","['Charlize Theron', 'Ron Howard']"
542,542,"May 4, 2018","[""Chris O'Donnell"", 'Jack White']"
543,543,"May 7, 2018","['Jim Parsons', 'Alexis Ohanian']"
544,544,"May 8, 2018","['Michael B. Jordan', 'Matt Walsh']"
545,545,"May 9, 2018","['Gayle King', 'Anna Wintour']"
546,546,"May 10, 2018","['Annette Bening', 'Wyatt Cenac']"
547,547,"May 11, 2018","['Melissa McCarthy', 'Mayim Bialik']"
548,548,"May 14, 2018","['Anthony Anderson', 'Glenda Jackson', 'Michael Pollan']"
549,549,"May 15, 2018",['Jamie Foxx']
550,550,"May 16, 2018",['Chadwick Boseman']
551,551,"May 17, 2018",['Jake Tapper']
552,552,"May 18, 2018",['Benedict Cumberbatch']
553,553,"May 21, 2018","['Zachary Quinto', 'Vanessa Bayer', 'Dean Baquet']"
554,554,"May 22, 2018","['Andrew Garfield', 'David Cross']"
555,555,"May 23, 2018","['Jason Bateman', 'Stephen King']"
556,556,"May 24, 2018","['Anne Hathaway', 'David Sedaris']"
557,557,"June 4, 2018","['Ethan Hawke', 'Toni Collette']"
558,558,"June 5, 2018","['Bill Clinton', 'James Patterson', 'Tig Notaro']"
559,559,"June 6, 2018","['Mandy Moore', 'Sara Bareilles', 'Josh Groban']"
560,560,"June 7, 2018","['Nick Offerman', 'Niecy Nash']"
561,561,"June 8, 2018","['Jeff Glor', 'David Koechner']"
562,562,"June 11, 2018","['Chris Matthews', 'Alicia Silverstone']"
563,563,"June 12, 2018","['Ed Helms', 'Michael K. Williams', 'Tom Papa']"
564,564,"June 13, 2018","['Anthony Scaramucci', 'Michael Avenatti']"
565,565,"June 14, 2018","['Natalie Portman', 'Marc Maron']"
566,566,"June 15, 2018","['Thandie Newton', 'Betty Gilpin']"
567,567,"June 18, 2018","['Benicio del Toro', 'Alison Brie', 'Robin Thede']"
568,568,"June 19, 2018","['Josh Brolin', 'Ruth Negga']"
569,569,"June 20, 2018","['Trevor Noah', 'Liza Koshy']"
570,570,"June 21, 2018","['Don Lemon', 'Mike Colter']"
571,571,"June 22, 2018",['Seth Rogen']
572,572,"June 25, 2018","['Jessica Chastain', 'Romesh Ranganathan', 'Scott Rogowsky']"
573,573,"June 26, 2018","['Hugh Grant', 'Margaret Hoover']"
574,574,"June 27, 2018","['Paul Rudd', 'Ken Jeong']"
575,575,"June 28, 2018","['Michael Moore', 'Eric Andre', 'Derrick Beckles', 'Alexandria Ocasio-Cortez']"
576,576,"July 9, 2018","['Gordon Ramsay', 'Andrew Rannells']"
577,577,"July 10, 2018","['Will Arnett', 'Neve Campbell']"
578,578,"July 11, 2018",['Dwayne Johnson']
579,579,"July 12, 2018","[""Lawrence O'Donnell"", 'Liv Tyler']"
580,580,"July 13, 2018",['Carey Mulligan']
581,581,"July 16, 2018","['Armie Hammer', 'Colleen Ballinger', 'Paula Poundstone']"
582,582,"July 17, 2018","['Chrissy Metz', 'Lewis Black']"
583,583,"July 18, 2018","['Anderson Cooper', 'Andy Cohen', 'Dominic Cooper']"
584,584,"July 19, 2018","['Denzel Washington', 'Representative Joe Kennedy III']"
585,585,"July 20, 2018",['Janelle Monáe']
586,586,"July 23, 2018","['Eric Holder', 'John Cleese']"
587,587,"July 24, 2018","['Michael McFaul', 'Tatiana Maslany', 'Brian Huskey']"
588,588,"July 25, 2018","['John Dickerson', 'Michaela Watkins']"
589,589,"July 26, 2018","['Jake Tapper', 'Michael Peña']"
590,590,"July 27, 2018",['Laura Linney']
591,591,"July 30, 2018","['Judd Apatow', 'Jace Norman']"
592,592,"July 31, 2018","['Paul Giamatti', 'Ronda Rousey', 'Paul Mecurio']"
593,593,"August 1, 2018","['Ewan McGregor', 'Adam Pally']"
594,594,"August 2, 2018","['Chloë Grace Moretz', 'Bobcat Goldthwait']"
595,595,"August 3, 2018",['Rob Reiner']
596,596,"August 6, 2018","['Chris Hayes', 'Rob Corddry']"
597,597,"August 7, 2018","['Joe Manganiello', 'Senator Cory Booker']"
598,598,"August 8, 2018","['Jim Acosta', 'Nina Dobrev']"
599,599,"August 9, 2018","['Issa Rae', 'Darren Criss', 'Ronny Chieng']"
600,600,"August 13, 2018","['Nicki Minaj', 'Guy Pearce']"
601,601,"August 14, 2018","['Mark Wahlberg', 'Senator Bernie Sanders']"
602,602,"August 15, 2018","['Jessica Biel', 'W. Kamau Bell']"
603,603,"August 16, 2018","['Tommy Vietor', 'Jon Favreau', 'Jon Lovett', 'Constance Wu']"
604,604,"September 4, 2018","['John Krasinski', 'Yvonne Orji']"
605,605,"September 5, 2018","['Rob Lowe', 'John Kerry']"
606,606,"September 6, 2018","['Emma Thompson', 'Troye Sivan']"
607,607,"September 7, 2018",['Sharon Osbourne']
608,608,"September 10, 2018",['Bob Woodward']
609,609,"September 11, 2018","['Neil deGrasse Tyson', 'Michael Rapaport']"
610,610,"September 12, 2018","['Keira Knightley', ""Representative Beto O'Rourke"", 'Martha Stewart']"
611,611,"September 13, 2018","['John Heilemann', 'Alex Wagner', 'Judy Greer']"
612,612,"September 14, 2018",['Anna Kendrick']
613,613,"September 18, 2018","['""Admit It', 'You Forgot This Happened""']"
614,614,"September 19, 2018","['Jane Fonda', 'Willie Nelson']"
615,615,"September 20, 2018","['Tiffany Haddish', 'Iain Armitage']"
616,616,"September 21, 2018",['Hillary Rodham Clinton']
617,617,"September 24, 2018","['Emma Stone', 'Bret McKenzie', 'Jemaine Clement']"
618,618,"September 25, 2018","['America Ferrera', 'Nas']"
619,619,"September 26, 2018","['Candice Bergen', 'Jacinda Ardern']"
620,620,"September 27, 2018","['Jeff Bridges', 'Cedric the Entertainer']"
621,621,"September 28, 2018","['Kristen Bell', 'Mark Leibovich']"
622,622,"October 1, 2018","['Jake Tapper', 'Eric Idle']"
623,623,"October 2, 2018","['Eva Longoria', 'Damon Wayans Jr.', 'Steve Kornacki']"
624,624,"October 3, 2018","['Nick Kroll', 'Jodie Whittaker']"
625,625,"October 4, 2018",['Lady Gaga']
626,626,"October 5, 2018","['Ellie Kemper', 'Sam Elliott']"
627,627,"October 15, 2018","['Melissa McCarthy', 'Phoebe Robinson']"
628,628,"October 16, 2018","['Lin-Manuel Miranda', 'Brooke Baldwin']"
629,629,"October 17, 2018","['Peter Dinklage', 'Busy Philipps']"
630,630,"October 18, 2018","['Joe Scarborough', 'Mika Brzezinski', 'Laura Benanti']"
631,631,"October 19, 2018","['Robin Wright', 'Melissa McCarthy']"
632,632,"October 22, 2018","['Sarah Silverman', 'Scott Bakula']"
633,633,"October 23, 2018","['Jon Favreau', 'Jon Lovett', 'Tommy Vietor', 'Charlamagne tha God']"
634,634,"October 24, 2018","['Gerard Butler', 'Rowan Atkinson', 'Ina Garten']"
635,635,"October 25, 2018",['Gayle King']
636,636,"October 26, 2018","['Dr. Phil McGraw', 'Kayli Carter']"
637,637,"October 29, 2018","['Kerry Washington', 'Taylor Mac']"
638,638,"October 30, 2018","['Sarah Jessica Parker', 'Representative Nancy Pelosi']"
639,639,"October 31, 2018","['Mike Myers', 'Christiane Amanpour']"
640,640,"November 1, 2018","['Chris Wallace', 'Cole Sprouse']"
641,641,"November 2, 2018",['Billy Eichner']
642,642,"November 5, 2018",['TBA']
643,643,"November 6, 2018",['TBA']
644,644,"November 7, 2018",['TBA']
645,645,"November 8, 2018",['TBA']
646,646,"November 9, 2018",['TBA']
